country,year,patents
AD,1987,1
AD,1993,1
AD,1995,1
AD,1996,1
AD,1998,2
AD,1999,1
AD,2000,1
AD,2002,1
AD,2003,1
AD,2004,1
AD,2005,2
AD,2007,1
AD,2008,2
AD,2009,5
AD,2010,7
AD,2011,2
AD,2012,2
AD,2014,5
AD,2015,5
AD,2016,2
AD,2017,3
AD,2018,2
AD,2019,2
AD,2020,5
AD,2021,2
AD,2022,2
AD,2023,2
AD,2024,1
AD,2025,2
AE,1979,1
AE,1982,3
AE,1983,2
AE,1984,3
AE,1985,2
AE,1986,1
AE,1987,1
AE,1989,3
AE,1990,1
AE,1991,3
AE,1992,1
AE,1993,1
AE,1994,2
AE,1995,2
AE,1997,2
AE,1998,2
AE,1999,3
AE,2000,4
AE,2001,6
AE,2002,7
AE,2003,7
AE,2004,5
AE,2005,9
AE,2006,18
AE,2007,17
AE,2008,19
AE,2009,21
AE,2010,19
AE,2011,24
AE,2012,40
AE,2013,33
AE,2014,77
AE,2015,87
AE,2016,99
AE,2017,129
AE,2018,132
AE,2019,162
AE,2020,185
AE,2021,166
AE,2022,172
AE,2023,207
AE,2024,221
AE,2025,300
AF,1976,2
AF,1980,1
AF,1989,1
AF,1990,1
AF,1996,1
AF,2005,2
AF,2007,2
AF,2009,1
AF,2010,2
AF,2011,1
AF,2012,14
AF,2013,14
AF,2014,17
AF,2015,13
AF,2016,14
AF,2017,7
AF,2018,11
AF,2019,1
AF,2020,2
AG,1978,1
AG,1979,1
AG,1991,1
AG,1994,1
AG,1995,2
AG,1996,2
AG,1999,1
AG,2001,1
AG,2008,1
AG,2010,1
AG,2011,1
AG,2012,4
AG,2013,1
AG,2014,1
AG,2016,1
AG,2024,3
AG,2025,5
AI,2009,1
AI,2011,1
AI,2012,1
AI,2017,1
AI,2020,1
AI,2021,2
AI,2022,3
AI,2023,4
AI,2024,3
AI,2025,2
AL,1992,1
AL,1999,1
AL,2002,1
AL,2011,1
AL,2013,1
AL,2017,2
AL,2018,1
AL,2019,1
AL,2020,3
AL,2021,4
AL,2022,2
AL,2023,1
AL,2024,1
AM,1979,1
AM,1985,1
AM,1990,1
AM,1992,1
AM,1994,1
AM,1995,2
AM,1997,2
AM,1998,2
AM,1999,5
AM,2000,2
AM,2001,2
AM,2002,2
AM,2003,3
AM,2004,1
AM,2005,3
AM,2006,5
AM,2007,4
AM,2008,4
AM,2009,1
AM,2010,4
AM,2011,13
AM,2012,3
AM,2013,5
AM,2014,9
AM,2015,11
AM,2016,18
AM,2017,17
AM,2018,23
AM,2019,40
AM,2020,31
AM,2021,30
AM,2022,31
AM,2023,22
AM,2024,44
AM,2025,39
AO,1978,1
AO,2004,2
AO,2009,2
AO,2012,5
AO,2014,1
AO,2016,1
AO,2019,1
AO,2021,2
AO,2022,2
AO,2024,1
AO,2025,1
AR,1976,29
AR,1977,22
AR,1978,23
AR,1979,24
AR,1980,21
AR,1981,25
AR,1982,18
AR,1983,25
AR,1984,24
AR,1985,12
AR,1986,20
AR,1987,19
AR,1988,21
AR,1989,25
AR,1990,20
AR,1991,22
AR,1992,24
AR,1993,28
AR,1994,40
AR,1995,41
AR,1996,36
AR,1997,45
AR,1998,59
AR,1999,60
AR,2000,73
AR,2001,62
AR,2002,64
AR,2003,78
AR,2004,68
AR,2005,43
AR,2006,63
AR,2007,78
AR,2008,60
AR,2009,65
AR,2010,72
AR,2011,103
AR,2012,108
AR,2013,121
AR,2014,127
AR,2015,127
AR,2016,143
AR,2017,140
AR,2018,145
AR,2019,195
AR,2020,175
AR,2021,172
AR,2022,172
AR,2023,182
AR,2024,180
AR,2025,182
AT,1976,274
AT,1977,266
AT,1978,281
AT,1979,248
AT,1980,283
AT,1981,311
AT,1982,255
AT,1983,292
AT,1984,296
AT,1985,354
AT,1986,406
AT,1987,398
AT,1988,385
AT,1989,449
AT,1990,460
AT,1991,416
AT,1992,429
AT,1993,379
AT,1994,358
AT,1995,402
AT,1996,417
AT,1997,436
AT,1998,502
AT,1999,594
AT,2000,673
AT,2001,717
AT,2002,655
AT,2003,751
AT,2004,731
AT,2005,595
AT,2006,726
AT,2007,654
AT,2008,669
AT,2009,908
AT,2010,1097
AT,2011,1123
AT,2012,1225
AT,2013,1416
AT,2014,1630
AT,2015,1628
AT,2016,1891
AT,2017,2055
AT,2018,1885
AT,2019,2173
AT,2020,2084
AT,2021,1913
AT,2022,1846
AT,2023,1767
AT,2024,2152
AT,2025,2015
AU,1976,280
AU,1977,284
AU,1978,349
AU,1979,261
AU,1980,363
AU,1981,422
AU,1982,391
AU,1983,355
AU,1984,405
AU,1985,470
AU,1986,498
AU,1987,495
AU,1988,515
AU,1989,645
AU,1990,570
AU,1991,617
AU,1992,546
AU,1993,535
AU,1994,623
AU,1995,614
AU,1996,625
AU,1997,615
AU,1998,811
AU,1999,935
AU,2000,970
AU,2001,1134
AU,2002,1110
AU,2003,1201
AU,2004,1234
AU,2005,1171
AU,2006,1717
AU,2007,1689
AU,2008,1784
AU,2009,1761
AU,2010,2387
AU,2011,2550
AU,2012,2102
AU,2013,2273
AU,2014,2514
AU,2015,2402
AU,2016,2321
AU,2017,2516
AU,2018,2473
AU,2019,2800
AU,2020,2884
AU,2021,2831
AU,2022,2713
AU,2023,2550
AU,2024,2756
AU,2025,2734
AZ,1977,1
AZ,1993,1
AZ,1994,1
AZ,1996,2
AZ,1999,2
AZ,2000,2
AZ,2003,1
AZ,2004,2
AZ,2006,1
AZ,2007,2
AZ,2008,2
AZ,2011,4
AZ,2012,2
AZ,2013,4
AZ,2014,2
AZ,2015,2
AZ,2016,2
AZ,2017,3
AZ,2018,2
AZ,2019,1
AZ,2020,1
AZ,2021,1
AZ,2022,1
AZ,2024,2
AZ,2025,2
BA,1977,3
BA,1981,1
BA,1983,1
BA,1985,1
BA,1989,1
BA,1992,2
BA,2001,2
BA,2002,1
BA,2003,1
BA,2007,1
BA,2008,2
BA,2009,1
BA,2010,1
BA,2011,2
BA,2012,4
BA,2013,1
BA,2015,1
BA,2016,4
BA,2017,5
BA,2018,4
BA,2019,7
BA,2020,4
BA,2021,3
BA,2022,2
BA,2023,5
BA,2024,5
BA,2025,11
BB,1978,1
BB,1986,2
BB,1987,2
BB,1988,1
BB,1989,1
BB,1992,1
BB,1994,1
BB,1999,1
BB,2001,4
BB,2002,4
BB,2003,2
BB,2006,3
BB,2007,1
BB,2008,3
BB,2009,3
BB,2010,4
BB,2012,2
BB,2013,1
BB,2014,8
BB,2015,9
BB,2016,6
BB,2017,6
BB,2018,2
BB,2019,3
BB,2020,7
BB,2021,5
BB,2022,6
BB,2023,5
BB,2024,6
BB,2025,4
BD,1976,1
BD,1977,2
BD,1978,2
BD,1980,1
BD,1988,1
BD,1993,1
BD,2001,2
BD,2002,1
BD,2003,4
BD,2005,1
BD,2007,4
BD,2009,2
BD,2012,5
BD,2013,6
BD,2014,7
BD,2015,5
BD,2016,4
BD,2017,12
BD,2018,14
BD,2019,17
BD,2020,9
BD,2021,15
BD,2022,8
BD,2023,3
BD,2024,26
BD,2025,23
BE,1976,370
BE,1977,293
BE,1978,303
BE,1979,209
BE,1980,285
BE,1981,317
BE,1982,264
BE,1983,249
BE,1984,302
BE,1985,280
BE,1986,297
BE,1987,368
BE,1988,369
BE,1989,437
BE,1990,417
BE,1991,450
BE,1992,457
BE,1993,467
BE,1994,495
BE,1995,526
BE,1996,643
BE,1997,681
BE,1998,879
BE,1999,902
BE,2000,975
BE,2001,1062
BE,2002,1053
BE,2003,997
BE,2004,953
BE,2005,780
BE,2006,959
BE,2007,886
BE,2008,865
BE,2009,1013
BE,2010,1320
BE,2011,1360
BE,2012,1453
BE,2013,1683
BE,2014,1852
BE,2015,1815
BE,2016,1897
BE,2017,1985
BE,2018,1984
BE,2019,2222
BE,2020,2116
BE,2021,1927
BE,2022,2034
BE,2023,1791
BE,2024,2017
BE,2025,2073
BF,1977,1
BF,1983,1
BF,1984,1
BF,1987,1
BF,1989,3
BF,1990,2
BF,1991,1
BF,1993,2
BF,1994,3
BF,2003,1
BF,2005,1
BF,2008,1
BF,2009,1
BF,2011,1
BF,2015,1
BF,2019,1
BF,2020,1
BF,2023,1
BG,1976,65
BG,1977,78
BG,1978,91
BG,1979,45
BG,1980,78
BG,1981,72
BG,1982,47
BG,1983,49
BG,1984,56
BG,1985,44
BG,1986,46
BG,1987,51
BG,1988,48
BG,1989,36
BG,1990,46
BG,1991,36
BG,1992,13
BG,1993,10
BG,1994,6
BG,1995,3
BG,1996,7
BG,1997,8
BG,1998,10
BG,1999,7
BG,2000,4
BG,2001,7
BG,2002,12
BG,2003,16
BG,2004,12
BG,2005,9
BG,2006,8
BG,2007,10
BG,2008,25
BG,2009,54
BG,2010,81
BG,2011,60
BG,2012,39
BG,2013,52
BG,2014,67
BG,2015,55
BG,2016,79
BG,2017,63
BG,2018,61
BG,2019,83
BG,2020,91
BG,2021,115
BG,2022,98
BG,2023,115
BG,2024,147
BG,2025,118
BH,1981,1
BH,1984,1
BH,1993,1
BH,1997,1
BH,1999,1
BH,2000,1
BH,2010,1
BH,2011,1
BH,2012,4
BH,2013,3
BH,2014,7
BH,2015,4
BH,2016,5
BH,2017,6
BH,2018,11
BH,2019,9
BH,2020,4
BH,2021,5
BH,2022,9
BH,2023,8
BH,2024,8
BH,2025,6
BI,2021,1
BJ,2007,1
BJ,2025,1
BM,1976,2
BM,1977,2
BM,1978,3
BM,1979,3
BM,1980,3
BM,1981,5
BM,1982,4
BM,1983,5
BM,1984,9
BM,1985,9
BM,1986,11
BM,1987,8
BM,1988,11
BM,1989,13
BM,1990,13
BM,1991,7
BM,1992,16
BM,1993,7
BM,1994,4
BM,1995,5
BM,1996,16
BM,1997,7
BM,1998,5
BM,1999,9
BM,2000,11
BM,2001,12
BM,2002,13
BM,2003,13
BM,2004,3
BM,2005,12
BM,2006,14
BM,2007,15
BM,2008,25
BM,2009,11
BM,2010,15
BM,2011,25
BM,2012,22
BM,2013,35
BM,2014,38
BM,2015,24
BM,2016,42
BM,2017,33
BM,2018,60
BM,2019,75
BM,2020,81
BM,2021,49
BM,2022,24
BM,2023,10
BM,2024,8
BM,2025,5
BN,1979,1
BN,1986,1
BN,1991,1
BN,2001,1
BN,2004,1
BN,2009,1
BN,2011,2
BN,2013,1
BN,2015,4
BN,2016,7
BN,2017,6
BN,2018,3
BN,2019,8
BN,2020,15
BN,2021,3
BN,2022,1
BN,2023,1
BN,2025,2
BO,1976,3
BO,1977,1
BO,1978,1
BO,1980,1
BO,1981,2
BO,1985,1
BO,1986,1
BO,1987,3
BO,1989,1
BO,1996,3
BO,1997,2
BO,1998,9
BO,1999,2
BO,2000,2
BO,2002,1
BO,2004,2
BO,2005,4
BO,2007,1
BO,2008,1
BO,2009,3
BO,2010,2
BO,2011,2
BO,2012,3
BO,2013,3
BO,2014,5
BO,2015,2
BO,2016,2
BO,2017,3
BO,2018,2
BO,2019,3
BO,2020,6
BO,2021,2
BO,2022,1
BO,2023,2
BO,2024,3
BR,1976,27
BR,1977,26
BR,1978,32
BR,1979,27
BR,1980,37
BR,1981,35
BR,1982,41
BR,1983,40
BR,1984,32
BR,1985,45
BR,1986,54
BR,1987,62
BR,1988,67
BR,1989,56
BR,1990,66
BR,1991,78
BR,1992,54
BR,1993,81
BR,1994,72
BR,1995,88
BR,1996,93
BR,1997,101
BR,1998,119
BR,1999,138
BR,2000,143
BR,2001,168
BR,2002,152
BR,2003,218
BR,2004,196
BR,2005,118
BR,2006,202
BR,2007,155
BR,2008,184
BR,2009,212
BR,2010,290
BR,2011,343
BR,2012,343
BR,2013,397
BR,2014,527
BR,2015,533
BR,2016,535
BR,2017,582
BR,2018,591
BR,2019,668
BR,2020,720
BR,2021,693
BR,2022,726
BR,2023,676
BR,2024,718
BR,2025,770
BS,1978,8
BS,1979,6
BS,1980,8
BS,1981,10
BS,1982,3
BS,1983,4
BS,1984,5
BS,1985,5
BS,1986,2
BS,1987,2
BS,1988,3
BS,1989,5
BS,1990,3
BS,1991,9
BS,1992,4
BS,1993,6
BS,1994,5
BS,1995,6
BS,1996,6
BS,1997,10
BS,1998,13
BS,1999,13
BS,2000,17
BS,2001,16
BS,2002,18
BS,2003,13
BS,2004,11
BS,2005,11
BS,2006,7
BS,2007,7
BS,2008,5
BS,2009,7
BS,2010,10
BS,2011,12
BS,2012,9
BS,2013,9
BS,2014,5
BS,2015,16
BS,2016,9
BS,2017,3
BS,2018,6
BS,2019,9
BS,2020,6
BS,2021,4
BS,2022,7
BS,2023,5
BS,2024,5
BS,2025,9
BT,1988,1
BT,1999,1
BT,2002,1
BW,1985,1
BW,2016,1
BW,2024,1
BY,1976,10
BY,1977,6
BY,1978,6
BY,1979,12
BY,1980,16
BY,1981,11
BY,1982,10
BY,1983,10
BY,1984,9
BY,1985,8
BY,1986,7
BY,1987,5
BY,1988,3
BY,1989,15
BY,1990,12
BY,1991,10
BY,1992,3
BY,1993,2
BY,1994,4
BY,1995,6
BY,1996,6
BY,1997,4
BY,1998,11
BY,1999,8
BY,2000,6
BY,2001,13
BY,2002,5
BY,2003,7
BY,2004,5
BY,2005,4
BY,2006,9
BY,2007,15
BY,2008,10
BY,2009,10
BY,2010,12
BY,2011,11
BY,2012,11
BY,2013,17
BY,2014,22
BY,2015,49
BY,2016,37
BY,2017,23
BY,2018,24
BY,2019,24
BY,2020,37
BY,2021,36
BY,2022,45
BY,2023,52
BY,2024,49
BY,2025,32
BZ,1991,1
BZ,1995,1
BZ,1999,1
BZ,2009,1
BZ,2011,1
BZ,2015,1
BZ,2018,2
BZ,2020,2
BZ,2021,3
BZ,2023,2
BZ,2024,2
CA,1976,1281
CA,1977,1417
CA,1978,1417
CA,1979,1004
CA,1980,1280
CA,1981,1362
CA,1982,1243
CA,1983,1183
CA,1984,1387
CA,1985,1516
CA,1986,1524
CA,1987,1838
CA,1988,1728
CA,1989,2255
CA,1990,2221
CA,1991,2468
CA,1992,2381
CA,1993,2436
CA,1994,2563
CA,1995,2605
CA,1996,2850
CA,1997,3037
CA,1998,3660
CA,1999,4011
CA,2000,4312
CA,2001,4484
CA,2002,4370
CA,2003,4424
CA,2004,4303
CA,2005,3678
CA,2006,4685
CA,2007,4542
CA,2008,4750
CA,2009,5080
CA,2010,6438
CA,2011,6777
CA,2012,7598
CA,2013,8571
CA,2014,9208
CA,2015,8934
CA,2016,8763
CA,2017,9435
CA,2018,9006
CA,2019,10457
CA,2020,10099
CA,2021,9456
CA,2022,9144
CA,2023,9575
CA,2024,9751
CA,2025,10055
CD,1978,1
CD,1979,2
CD,1981,1
CD,1984,1
CD,1985,1
CD,1986,1
CD,1989,1
CD,1992,1
CD,1993,2
CD,1995,1
CD,1997,3
CD,1998,7
CD,1999,1
CD,2000,1
CD,2001,1
CD,2004,2
CD,2005,2
CD,2006,2
CD,2007,3
CD,2009,1
CD,2012,1
CD,2013,1
CD,2017,1
CD,2018,5
CD,2019,2
CD,2021,1
CF,1998,1
CF,2011,1
CF,2015,1
CF,2018,1
CF,2019,2
CG,1981,1
CG,2014,1
CG,2022,1
CH,1976,1572
CH,1977,1494
CH,1978,1447
CH,1979,1116
CH,1980,1369
CH,1981,1348
CH,1982,1268
CH,1983,1132
CH,1984,1315
CH,1985,1371
CH,1986,1338
CH,1987,1547
CH,1988,1390
CH,1989,1541
CH,1990,1489
CH,1991,1596
CH,1992,1431
CH,1993,1324
CH,1994,1413
CH,1995,1312
CH,1996,1376
CH,1997,1384
CH,1998,1564
CH,1999,1702
CH,2000,1802
CH,2001,1905
CH,2002,1911
CH,2003,1843
CH,2004,1738
CH,2005,1385
CH,2006,1743
CH,2007,1591
CH,2008,1770
CH,2009,1860
CH,2010,2433
CH,2011,2525
CH,2012,2807
CH,2013,3361
CH,2014,3557
CH,2015,3767
CH,2016,3858
CH,2017,4030
CH,2018,3961
CH,2019,4386
CH,2020,4280
CH,2021,4072
CH,2022,4036
CH,2023,3923
CH,2024,4409
CH,2025,4515
CI,1977,1
CI,1982,1
CI,1987,1
CI,1988,1
CI,1993,1
CI,1995,1
CI,2001,1
CI,2004,1
CI,2006,1
CI,2007,1
CI,2009,1
CI,2011,2
CI,2012,3
CI,2013,6
CI,2014,2
CI,2016,10
CI,2017,2
CI,2019,1
CI,2020,1
CK,1996,1
CL,1976,5
CL,1977,6
CL,1978,5
CL,1979,3
CL,1980,7
CL,1981,7
CL,1982,4
CL,1983,4
CL,1984,7
CL,1985,2
CL,1986,4
CL,1987,5
CL,1988,11
CL,1989,7
CL,1990,3
CL,1991,10
CL,1992,6
CL,1993,15
CL,1994,15
CL,1995,11
CL,1996,7
CL,1997,11
CL,1998,26
CL,1999,17
CL,2000,19
CL,2001,20
CL,2002,19
CL,2003,20
CL,2004,23
CL,2005,19
CL,2006,24
CL,2007,34
CL,2008,26
CL,2009,33
CL,2010,43
CL,2011,46
CL,2012,52
CL,2013,65
CL,2014,84
CL,2015,93
CL,2016,76
CL,2017,66
CL,2018,72
CL,2019,75
CL,2020,94
CL,2021,99
CL,2022,99
CL,2023,93
CL,2024,95
CL,2025,96
CM,1977,1
CM,1978,2
CM,1979,3
CM,1980,1
CM,1981,6
CM,1982,11
CM,1983,8
CM,1984,24
CM,1985,26
CM,1986,48
CM,1987,60
CM,1988,48
CM,1989,60
CM,1990,70
CM,1991,71
CM,1992,76
CM,1993,70
CM,1994,79
CM,1995,80
CM,1996,51
CM,1997,32
CM,1998,38
CM,1999,59
CM,2000,58
CM,2001,72
CM,2002,87
CM,2003,100
CM,2004,91
CM,2005,101
CM,2006,135
CM,2007,114
CM,2008,75
CM,2009,103
CM,2010,104
CM,2011,95
CM,2012,124
CM,2013,117
CM,2014,123
CM,2015,159
CM,2016,246
CM,2017,385
CM,2018,335
CM,2019,457
CM,2020,403
CM,2021,343
CM,2022,148
CM,2023,1
CM,2025,1
CN,1976,34
CN,1977,35
CN,1978,34
CN,1979,42
CN,1980,60
CN,1981,85
CN,1982,79
CN,1983,76
CN,1984,94
CN,1985,91
CN,1986,143
CN,1987,147
CN,1988,178
CN,1989,209
CN,1990,236
CN,1991,300
CN,1992,247
CN,1993,286
CN,1994,319
CN,1995,379
CN,1996,366
CN,1997,397
CN,1998,559
CN,1999,622
CN,2000,823
CN,2001,1063
CN,2002,1219
CN,2003,1357
CN,2004,1510
CN,2005,1465
CN,2006,2267
CN,2007,2542
CN,2008,3237
CN,2009,3572
CN,2010,5069
CN,2011,5515
CN,2012,7455
CN,2013,9059
CN,2014,10553
CN,2015,11704
CN,2016,14747
CN,2017,18088
CN,2018,19888
CN,2019,26721
CN,2020,30543
CN,2021,33727
CN,2022,39472
CN,2023,37932
CN,2024,51394
CN,2025,58046
CO,1976,6
CO,1977,3
CO,1978,10
CO,1979,7
CO,1980,6
CO,1981,7
CO,1982,6
CO,1983,6
CO,1984,9
CO,1985,4
CO,1986,7
CO,1987,6
CO,1988,7
CO,1989,6
CO,1990,7
CO,1991,5
CO,1992,7
CO,1993,8
CO,1994,10
CO,1995,16
CO,1996,11
CO,1997,13
CO,1998,7
CO,1999,10
CO,2000,14
CO,2001,16
CO,2002,9
CO,2003,16
CO,2004,15
CO,2005,14
CO,2006,10
CO,2007,8
CO,2008,15
CO,2009,12
CO,2010,19
CO,2011,31
CO,2012,23
CO,2013,38
CO,2014,42
CO,2015,41
CO,2016,50
CO,2017,54
CO,2018,68
CO,2019,75
CO,2020,68
CO,2021,60
CO,2022,82
CO,2023,87
CO,2024,81
CO,2025,107
CR,1976,2
CR,1977,1
CR,1978,9
CR,1979,5
CR,1980,5
CR,1981,8
CR,1982,3
CR,1984,1
CR,1985,14
CR,1986,6
CR,1987,3
CR,1988,3
CR,1989,1
CR,1990,3
CR,1991,5
CR,1992,1
CR,1993,5
CR,1994,8
CR,1995,13
CR,1996,10
CR,1997,7
CR,1998,5
CR,1999,14
CR,2000,7
CR,2001,13
CR,2002,9
CR,2003,10
CR,2004,11
CR,2005,14
CR,2006,26
CR,2007,21
CR,2008,15
CR,2009,24
CR,2010,14
CR,2011,16
CR,2012,16
CR,2013,14
CR,2014,29
CR,2015,33
CR,2016,38
CR,2017,28
CR,2018,45
CR,2019,34
CR,2020,79
CR,2021,85
CR,2022,66
CR,2023,73
CR,2024,70
CR,2025,76
CU,1977,1
CU,1978,1
CU,1979,2
CU,1980,1
CU,1981,1
CU,1984,2
CU,1985,1
CU,1986,1
CU,1987,1
CU,1989,1
CU,1991,2
CU,1993,2
CU,1994,4
CU,1997,4
CU,1998,6
CU,1999,3
CU,2000,3
CU,2001,4
CU,2002,9
CU,2003,7
CU,2004,2
CU,2005,3
CU,2006,2
CU,2007,3
CU,2008,6
CU,2009,4
CU,2010,8
CU,2011,6
CU,2012,5
CU,2013,14
CU,2014,21
CU,2015,12
CU,2016,11
CU,2017,10
CU,2018,8
CU,2019,5
CU,2020,5
CU,2021,7
CU,2022,2
CU,2023,6
CU,2024,5
CU,2025,5
CV,2019,1
CY,1979,1
CY,1980,1
CY,1982,1
CY,1986,2
CY,1987,1
CY,1988,1
CY,1989,3
CY,1990,3
CY,1992,1
CY,1993,1
CY,1994,4
CY,1995,3
CY,1997,6
CY,1998,2
CY,2000,1
CY,2001,5
CY,2002,2
CY,2003,1
CY,2004,4
CY,2005,6
CY,2006,6
CY,2007,7
CY,2008,3
CY,2009,8
CY,2010,12
CY,2011,7
CY,2012,11
CY,2013,14
CY,2014,25
CY,2015,15
CY,2016,19
CY,2017,16
CY,2018,26
CY,2019,29
CY,2020,28
CY,2021,23
CY,2022,30
CY,2023,23
CY,2024,27
CY,2025,49
CZ,1976,91
CZ,1977,79
CZ,1978,77
CZ,1979,43
CZ,1980,55
CZ,1981,34
CZ,1982,39
CZ,1983,30
CZ,1984,32
CZ,1985,45
CZ,1986,32
CZ,1987,36
CZ,1988,26
CZ,1989,22
CZ,1990,31
CZ,1991,24
CZ,1992,17
CZ,1993,13
CZ,1994,15
CZ,1995,16
CZ,1996,15
CZ,1997,25
CZ,1998,34
CZ,1999,46
CZ,2000,75
CZ,2001,49
CZ,2002,51
CZ,2003,67
CZ,2004,55
CZ,2005,60
CZ,2006,57
CZ,2007,64
CZ,2008,78
CZ,2009,94
CZ,2010,125
CZ,2011,156
CZ,2012,195
CZ,2013,236
CZ,2014,312
CZ,2015,323
CZ,2016,341
CZ,2017,429
CZ,2018,492
CZ,2019,554
CZ,2020,512
CZ,2021,461
CZ,2022,452
CZ,2023,457
CZ,2024,472
CZ,2025,421
DE,1976,60
DE,1977,52
DE,1978,3276
DE,1979,4707
DE,1980,6030
DE,1981,6626
DE,1982,5751
DE,1983,5775
DE,1984,6624
DE,1985,7043
DE,1986,7194
DE,1987,8284
DE,1988,7758
DE,1989,8858
DE,1990,8117
DE,1991,8232
DE,1992,7886
DE,1993,7516
DE,1994,7315
DE,1995,7221
DE,1996,7568
DE,1997,7650
DE,1998,9838
DE,1999,10607
DE,2000,11631
DE,2001,12829
DE,2002,12969
DE,2003,13124
DE,2004,12348
DE,2005,10404
DE,2006,11897
DE,2007,10942
DE,2008,11113
DE,2009,11443
DE,2010,15114
DE,2011,14501
DE,2012,16829
DE,2013,18829
DE,2014,19891
DE,2015,20175
DE,2016,19860
DE,2017,20935
DE,2018,19885
DE,2019,22843
DE,2020,22213
DE,2021,20350
DE,2022,19766
DE,2023,17483
DE,2024,19973
DE,2025,20078
DJ,2018,2
DK,1976,178
DK,1977,172
DK,1978,189
DK,1979,129
DK,1980,173
DK,1981,140
DK,1982,140
DK,1983,155
DK,1984,167
DK,1985,229
DK,1986,217
DK,1987,251
DK,1988,208
DK,1989,256
DK,1990,215
DK,1991,292
DK,1992,283
DK,1993,287
DK,1994,322
DK,1995,327
DK,1996,365
DK,1997,468
DK,1998,535
DK,1999,651
DK,2000,558
DK,2001,628
DK,2002,644
DK,2003,691
DK,2004,601
DK,2005,536
DK,2006,616
DK,2007,594
DK,2008,641
DK,2009,607
DK,2010,898
DK,2011,976
DK,2012,1127
DK,2013,1290
DK,2014,1455
DK,2015,1418
DK,2016,1459
DK,2017,1479
DK,2018,1469
DK,2019,1669
DK,2020,1626
DK,2021,1597
DK,2022,1641
DK,2023,1546
DK,2024,1850
DK,2025,1893
DM,1997,1
DM,2000,1
DM,2001,2
DM,2006,1
DM,2019,1
DM,2020,2
DM,2023,1
DO,1978,2
DO,1981,1
DO,1983,1
DO,1984,2
DO,1986,1
DO,1989,2
DO,1990,1
DO,1991,3
DO,1993,1
DO,1994,2
DO,1995,1
DO,1996,1
DO,1997,1
DO,1998,1
DO,1999,3
DO,2000,3
DO,2002,1
DO,2003,1
DO,2004,1
DO,2005,2
DO,2006,2
DO,2007,3
DO,2008,3
DO,2009,8
DO,2010,4
DO,2011,4
DO,2012,4
DO,2013,12
DO,2014,4
DO,2015,3
DO,2016,4
DO,2017,8
DO,2018,4
DO,2019,9
DO,2020,4
DO,2021,7
DO,2022,5
DO,2023,15
DO,2024,13
DO,2025,9
DZ,1976,1
DZ,1977,1
DZ,1980,1
DZ,1981,2
DZ,1983,1
DZ,1984,4
DZ,1986,3
DZ,1987,1
DZ,1988,1
DZ,1989,2
DZ,1990,7
DZ,1991,5
DZ,1992,2
DZ,1993,1
DZ,1994,1
DZ,1995,1
DZ,1996,1
DZ,1998,1
DZ,1999,1
DZ,2000,2
DZ,2001,1
DZ,2004,2
DZ,2006,2
DZ,2010,1
DZ,2012,1
DZ,2013,4
DZ,2014,2
DZ,2015,1
DZ,2016,2
DZ,2017,3
DZ,2018,5
DZ,2019,2
DZ,2020,3
DZ,2021,4
DZ,2022,8
DZ,2023,9
DZ,2024,6
DZ,2025,5
EC,1976,16
EC,1977,9
EC,1978,5
EC,1979,9
EC,1980,13
EC,1981,8
EC,1982,5
EC,1983,4
EC,1984,5
EC,1985,7
EC,1986,9
EC,1987,8
EC,1988,5
EC,1989,4
EC,1990,3
EC,1991,9
EC,1992,1
EC,1993,5
EC,1994,2
EC,1995,3
EC,1996,1
EC,1997,1
EC,1998,7
EC,1999,4
EC,2000,1
EC,2001,7
EC,2002,2
EC,2003,5
EC,2004,3
EC,2005,3
EC,2006,3
EC,2007,6
EC,2008,2
EC,2009,6
EC,2010,5
EC,2011,7
EC,2012,6
EC,2013,11
EC,2014,5
EC,2015,3
EC,2016,7
EC,2017,7
EC,2018,6
EC,2019,8
EC,2020,6
EC,2021,16
EC,2022,10
EC,2023,3
EC,2024,7
EC,2025,6
EE,1980,2
EE,1981,3
EE,1982,3
EE,1983,3
EE,1984,10
EE,1985,5
EE,1986,1
EE,1987,10
EE,1989,4
EE,1990,9
EE,1991,6
EE,1992,2
EE,1993,4
EE,1994,8
EE,1995,9
EE,1996,3
EE,1999,2
EE,2000,7
EE,2001,4
EE,2002,7
EE,2003,6
EE,2004,4
EE,2005,5
EE,2006,5
EE,2007,12
EE,2008,5
EE,2009,8
EE,2010,18
EE,2011,16
EE,2012,57
EE,2013,52
EE,2014,56
EE,2015,61
EE,2016,52
EE,2017,58
EE,2018,62
EE,2019,69
EE,2020,53
EE,2021,73
EE,2022,66
EE,2023,67
EE,2024,71
EE,2025,83
EG,1976,2
EG,1977,2
EG,1979,1
EG,1980,2
EG,1981,2
EG,1982,4
EG,1983,1
EG,1984,6
EG,1985,6
EG,1986,9
EG,1987,7
EG,1988,6
EG,1989,5
EG,1990,3
EG,1991,7
EG,1992,4
EG,1993,4
EG,1994,7
EG,1995,8
EG,1996,7
EG,1997,4
EG,1998,3
EG,1999,9
EG,2000,17
EG,2001,14
EG,2002,8
EG,2003,13
EG,2004,11
EG,2005,13
EG,2006,8
EG,2007,21
EG,2008,10
EG,2009,13
EG,2010,30
EG,2011,32
EG,2012,51
EG,2013,52
EG,2014,67
EG,2015,51
EG,2016,74
EG,2017,70
EG,2018,92
EG,2019,63
EG,2020,64
EG,2021,71
EG,2022,61
EG,2023,49
EG,2024,330
EG,2025,106
ER,2012,1
ER,2017,2
ER,2019,1
ER,2020,1
ER,2024,1
ES,1976,117
ES,1977,113
ES,1978,111
ES,1979,65
ES,1980,75
ES,1981,64
ES,1982,59
ES,1983,77
ES,1984,82
ES,1985,93
ES,1986,109
ES,1987,132
ES,1988,135
ES,1989,156
ES,1990,159
ES,1991,200
ES,1992,164
ES,1993,215
ES,1994,203
ES,1995,205
ES,1996,227
ES,1997,226
ES,1998,325
ES,1999,345
ES,2000,384
ES,2001,426
ES,2002,457
ES,2003,456
ES,2004,393
ES,2005,391
ES,2006,496
ES,2007,461
ES,2008,541
ES,2009,537
ES,2010,661
ES,2011,746
ES,2012,965
ES,2013,1031
ES,2014,1109
ES,2015,1201
ES,2016,1168
ES,2017,1298
ES,2018,1295
ES,2019,1451
ES,2020,1597
ES,2021,1466
ES,2022,1620
ES,2023,1368
ES,2024,1582
ES,2025,1810
ET,1999,1
ET,2005,1
ET,2007,1
ET,2008,1
ET,2013,1
ET,2014,1
ET,2016,2
ET,2017,9
ET,2018,2
ET,2019,6
ET,2020,1
FI,1976,90
FI,1977,95
FI,1978,134
FI,1979,83
FI,1980,142
FI,1981,161
FI,1982,158
FI,1983,144
FI,1984,185
FI,1985,243
FI,1986,237
FI,1987,323
FI,1988,264
FI,1989,286
FI,1990,341
FI,1991,369
FI,1992,408
FI,1993,336
FI,1994,370
FI,1995,412
FI,1996,494
FI,1997,511
FI,1998,699
FI,1999,754
FI,2000,701
FI,2001,851
FI,2002,947
FI,2003,1007
FI,2004,1013
FI,2005,802
FI,2006,1064
FI,2007,996
FI,2008,988
FI,2009,1066
FI,2010,1323
FI,2011,1108
FI,2012,1258
FI,2013,1473
FI,2014,1679
FI,2015,1690
FI,2016,1874
FI,2017,1965
FI,2018,1782
FI,2019,1919
FI,2020,1837
FI,2021,1642
FI,2022,1741
FI,2023,1567
FI,2024,1788
FI,2025,2006
FJ,1978,1
FJ,1980,1
FJ,2002,1
FJ,2003,3
FJ,2004,1
FJ,2017,1
FM,2013,1
FM,2022,1
FO,1989,1
FO,1993,1
FO,2002,1
FO,2012,2
FO,2015,1
FO,2016,1
FO,2018,2
FO,2019,1
FO,2021,1
FR,1976,2480
FR,1977,2253
FR,1978,2257
FR,1979,1727
FR,1980,2215
FR,1981,2328
FR,1982,2135
FR,1983,2075
FR,1984,2333
FR,1985,2584
FR,1986,2576
FR,1987,3083
FR,1988,2864
FR,1989,3406
FR,1990,3190
FR,1991,3381
FR,1992,3430
FR,1993,3299
FR,1994,3166
FR,1995,3213
FR,1996,3268
FR,1997,3443
FR,1998,4148
FR,1999,4475
FR,2000,4620
FR,2001,4939
FR,2002,4911
FR,2003,4694
FR,2004,4252
FR,2005,3615
FR,2006,4496
FR,2007,4320
FR,2008,4389
FR,2009,4448
FR,2010,5967
FR,2011,5936
FR,2012,6875
FR,2013,7835
FR,2014,8418
FR,2015,8347
FR,2016,8284
FR,2017,8789
FR,2018,8332
FR,2019,9340
FR,2020,8975
FR,2021,8186
FR,2022,8058
FR,2023,7318
FR,2024,8394
FR,2025,8704
GA,2000,1
GA,2007,1
GA,2014,2
GA,2016,1
GA,2018,1
GA,2020,2
GB,1976,100
GB,1977,80
GB,1978,1492
GB,1979,1883
GB,1980,2291
GB,1981,2437
GB,1982,2125
GB,1983,1927
GB,1984,2240
GB,1985,2455
GB,1986,2512
GB,1987,2866
GB,1988,2677
GB,1989,3211
GB,1990,2980
GB,1991,3038
GB,1992,2625
GB,1993,2632
GB,1994,2596
GB,1995,2839
GB,1996,2866
GB,1997,3094
GB,1998,3877
GB,1999,4424
GB,2000,4737
GB,2001,5048
GB,2002,4911
GB,2003,4785
GB,2004,4629
GB,2005,4231
GB,2006,5239
GB,2007,4904
GB,2008,4753
GB,2009,5057
GB,2010,6405
GB,2011,6160
GB,2012,7396
GB,2013,8331
GB,2014,9065
GB,2015,9132
GB,2016,9469
GB,2017,9833
GB,2018,9710
GB,2019,11619
GB,2020,10963
GB,2021,10265
GB,2022,10020
GB,2023,9738
GB,2024,10470
GB,2025,10863
GD,1997,1
GD,2020,1
GE,1976,5
GE,1977,9
GE,1978,6
GE,1979,7
GE,1980,5
GE,1981,11
GE,1982,2
GE,1983,5
GE,1984,4
GE,1985,5
GE,1986,5
GE,1987,2
GE,1988,2
GE,1989,7
GE,1990,5
GE,1991,5
GE,1993,2
GE,1994,2
GE,1995,2
GE,1997,4
GE,1998,3
GE,1999,1
GE,2000,10
GE,2001,4
GE,2002,4
GE,2003,3
GE,2004,5
GE,2005,4
GE,2006,5
GE,2007,7
GE,2008,6
GE,2009,4
GE,2010,8
GE,2011,6
GE,2012,6
GE,2013,10
GE,2014,13
GE,2015,16
GE,2016,21
GE,2017,19
GE,2018,7
GE,2019,10
GE,2020,9
GE,2021,5
GE,2022,11
GE,2023,6
GE,2024,8
GE,2025,21
GG,1976,1
GG,1977,1
GG,2009,1
GG,2016,1
GG,2017,1
GG,2020,1
GG,2021,1
GG,2023,1
GG,2024,3
GH,1976,1
GH,1977,1
GH,1979,1
GH,1980,2
GH,1981,5
GH,1982,1
GH,1983,3
GH,1984,5
GH,1985,2
GH,1986,1
GH,1987,1
GH,1988,6
GH,1989,6
GH,1990,7
GH,1991,8
GH,1992,8
GH,1993,6
GH,1994,7
GH,1995,2
GH,1996,5
GH,1997,6
GH,1998,4
GH,1999,16
GH,2000,14
GH,2001,15
GH,2002,25
GH,2003,18
GH,2004,18
GH,2005,15
GH,2006,9
GH,2007,19
GH,2008,11
GH,2009,15
GH,2010,7
GH,2011,4
GH,2012,5
GH,2013,5
GH,2014,1
GH,2015,3
GH,2016,1
GH,2017,3
GH,2019,6
GH,2020,2
GH,2021,2
GH,2022,2
GH,2023,3
GH,2024,2
GH,2025,1
GI,1993,1
GI,2000,1
GI,2006,1
GI,2007,2
GI,2008,1
GI,2009,1
GI,2010,1
GI,2011,4
GI,2012,9
GI,2013,4
GI,2014,2
GI,2015,2
GI,2017,9
GI,2018,1
GI,2019,3
GI,2020,3
GI,2021,4
GI,2022,10
GI,2023,8
GI,2024,10
GI,2025,5
GL,1981,1
GL,1985,1
GL,2002,1
GL,2009,3
GL,2013,2
GL,2014,3
GL,2015,1
GL,2018,1
GL,2025,1
GM,2004,1
GM,2008,1
GM,2009,1
GM,2011,1
GM,2015,1
GM,2023,1
GN,1998,1
GN,2010,1
GN,2014,1
GN,2016,1
GN,2019,1
GR,1976,16
GR,1977,12
GR,1978,10
GR,1979,5
GR,1980,9
GR,1981,10
GR,1982,17
GR,1983,15
GR,1984,25
GR,1985,11
GR,1986,27
GR,1987,24
GR,1988,23
GR,1989,31
GR,1990,20
GR,1991,22
GR,1992,16
GR,1993,15
GR,1994,18
GR,1995,20
GR,1996,37
GR,1997,29
GR,1998,30
GR,1999,45
GR,2000,33
GR,2001,43
GR,2002,41
GR,2003,39
GR,2004,32
GR,2005,32
GR,2006,50
GR,2007,47
GR,2008,48
GR,2009,67
GR,2010,95
GR,2011,113
GR,2012,133
GR,2013,126
GR,2014,116
GR,2015,139
GR,2016,120
GR,2017,181
GR,2018,139
GR,2019,201
GR,2020,183
GR,2021,190
GR,2022,201
GR,2023,190
GR,2024,196
GR,2025,246
GT,1976,1
GT,1977,2
GT,1979,1
GT,1980,1
GT,1981,1
GT,1984,2
GT,1985,2
GT,1987,2
GT,1989,1
GT,1990,2
GT,1991,4
GT,1993,2
GT,1994,2
GT,1996,3
GT,1997,2
GT,1998,8
GT,1999,2
GT,2000,3
GT,2001,1
GT,2002,6
GT,2003,4
GT,2005,1
GT,2006,1
GT,2008,5
GT,2010,3
GT,2012,2
GT,2013,3
GT,2014,2
GT,2015,5
GT,2016,2
GT,2017,4
GT,2018,8
GT,2019,4
GT,2020,9
GT,2021,9
GT,2022,3
GT,2023,7
GT,2024,5
GT,2025,7
GW,1986,1
GW,2005,1
GW,2007,1
GW,2008,2
GW,2009,3
GW,2010,7
GW,2011,3
GW,2012,3
GW,2013,4
GW,2014,3
GW,2015,4
GW,2016,5
GW,2017,9
GW,2018,5
GY,1976,1
GY,1977,1
GY,2001,1
GY,2013,1
GY,2015,1
GY,2017,1
GY,2023,1
GY,2025,2
HN,1978,1
HN,1989,2
HN,1990,1
HN,1992,1
HN,1994,1
HN,1995,1
HN,1996,2
HN,1997,1
HN,1998,4
HN,1999,2
HN,2000,1
HN,2001,2
HN,2002,3
HN,2003,8
HN,2004,18
HN,2005,1
HN,2006,1
HN,2007,2
HN,2010,2
HN,2011,5
HN,2012,1
HN,2013,1
HN,2014,2
HN,2015,2
HN,2016,1
HN,2017,1
HN,2018,2
HN,2019,1
HN,2021,2
HN,2023,2
HN,2024,6
HN,2025,3
HR,1976,10
HR,1977,2
HR,1978,2
HR,1979,3
HR,1980,3
HR,1981,4
HR,1982,5
HR,1983,5
HR,1984,2
HR,1985,6
HR,1986,2
HR,1987,4
HR,1988,2
HR,1989,2
HR,1990,7
HR,1991,6
HR,1992,1
HR,1993,10
HR,1994,7
HR,1995,6
HR,1996,5
HR,1997,12
HR,1998,15
HR,1999,16
HR,2000,6
HR,2001,10
HR,2002,15
HR,2003,16
HR,2004,12
HR,2005,14
HR,2006,22
HR,2007,21
HR,2008,22
HR,2009,22
HR,2010,15
HR,2011,23
HR,2012,32
HR,2013,27
HR,2014,35
HR,2015,23
HR,2016,34
HR,2017,36
HR,2018,33
HR,2019,35
HR,2020,29
HR,2021,40
HR,2022,53
HR,2023,44
HR,2024,75
HR,2025,88
HT,1976,1
HT,1979,1
HT,1980,2
HT,1981,1
HT,1982,3
HT,1985,1
HT,1987,1
HT,1989,1
HT,1992,1
HT,1997,1
HT,1999,1
HT,2003,1
HT,2008,1
HT,2009,1
HT,2011,1
HT,2013,1
HU,1976,79
HU,1977,82
HU,1978,69
HU,1979,68
HU,1980,88
HU,1981,96
HU,1982,113
HU,1983,108
HU,1984,114
HU,1985,109
HU,1986,131
HU,1987,131
HU,1988,94
HU,1989,133
HU,1990,100
HU,1991,92
HU,1992,92
HU,1993,69
HU,1994,51
HU,1995,60
HU,1996,53
HU,1997,33
HU,1998,66
HU,1999,52
HU,2000,50
HU,2001,74
HU,2002,60
HU,2003,84
HU,2004,68
HU,2005,62
HU,2006,67
HU,2007,72
HU,2008,97
HU,2009,74
HU,2010,122
HU,2011,146
HU,2012,156
HU,2013,202
HU,2014,237
HU,2015,243
HU,2016,254
HU,2017,266
HU,2018,224
HU,2019,261
HU,2020,253
HU,2021,238
HU,2022,274
HU,2023,231
HU,2024,274
HU,2025,317
ID,1976,23
ID,1977,13
ID,1978,13
ID,1979,12
ID,1980,13
ID,1981,20
ID,1982,12
ID,1983,11
ID,1984,7
ID,1985,11
ID,1986,8
ID,1987,6
ID,1988,6
ID,1989,15
ID,1990,14
ID,1991,14
ID,1992,17
ID,1993,9
ID,1994,11
ID,1995,16
ID,1996,6
ID,1997,17
ID,1998,22
ID,1999,15
ID,2000,20
ID,2001,22
ID,2002,19
ID,2003,18
ID,2004,34
ID,2005,29
ID,2006,26
ID,2007,27
ID,2008,31
ID,2009,30
ID,2010,29
ID,2011,21
ID,2012,29
ID,2013,29
ID,2014,33
ID,2015,38
ID,2016,51
ID,2017,37
ID,2018,37
ID,2019,40
ID,2020,54
ID,2021,51
ID,2022,43
ID,2023,32
ID,2024,31
ID,2025,47
IE,1976,15
IE,1977,19
IE,1978,22
IE,1979,12
IE,1980,26
IE,1981,19
IE,1982,28
IE,1983,25
IE,1984,44
IE,1985,32
IE,1986,36
IE,1987,44
IE,1988,56
IE,1989,82
IE,1990,70
IE,1991,69
IE,1992,66
IE,1993,73
IE,1994,72
IE,1995,78
IE,1996,111
IE,1997,106
IE,1998,105
IE,1999,145
IE,2000,184
IE,2001,216
IE,2002,191
IE,2003,245
IE,2004,255
IE,2005,211
IE,2006,285
IE,2007,230
IE,2008,277
IE,2009,291
IE,2010,420
IE,2011,473
IE,2012,547
IE,2013,654
IE,2014,759
IE,2015,779
IE,2016,897
IE,2017,953
IE,2018,1031
IE,2019,1253
IE,2020,1452
IE,2021,1369
IE,2022,1338
IE,2023,1289
IE,2024,1294
IE,2025,1353
IL,1976,121
IL,1977,105
IL,1978,126
IL,1979,93
IL,1980,124
IL,1981,141
IL,1982,127
IL,1983,124
IL,1984,177
IL,1985,206
IL,1986,218
IL,1987,279
IL,1988,269
IL,1989,365
IL,1990,338
IL,1991,354
IL,1992,390
IL,1993,395
IL,1994,438
IL,1995,488
IL,1996,590
IL,1997,632
IL,1998,848
IL,1999,925
IL,2000,948
IL,2001,1160
IL,2002,1229
IL,2003,1391
IL,2004,1241
IL,2005,1081
IL,2006,1476
IL,2007,1365
IL,2008,1492
IL,2009,1698
IL,2010,2193
IL,2011,2325
IL,2012,2924
IL,2013,3552
IL,2014,4105
IL,2015,4340
IL,2016,4469
IL,2017,4953
IL,2018,4913
IL,2019,5649
IL,2020,5654
IL,2021,5505
IL,2022,5313
IL,2023,5530
IL,2024,5677
IL,2025,5721
IM,1978,1
IM,2008,5
IM,2009,4
IM,2010,4
IM,2011,2
IM,2012,4
IM,2013,4
IM,2014,2
IM,2015,7
IM,2016,1
IM,2017,3
IM,2018,5
IM,2019,1
IM,2020,10
IM,2021,5
IM,2022,5
IM,2023,5
IM,2024,11
IM,2025,5
IN,1976,27
IN,1977,22
IN,1978,27
IN,1979,23
IN,1980,21
IN,1981,26
IN,1982,32
IN,1983,33
IN,1984,28
IN,1985,23
IN,1986,35
IN,1987,32
IN,1988,32
IN,1989,45
IN,1990,53
IN,1991,49
IN,1992,61
IN,1993,50
IN,1994,52
IN,1995,75
IN,1996,72
IN,1997,83
IN,1998,133
IN,1999,171
IN,2000,197
IN,2001,248
IN,2002,363
IN,2003,466
IN,2004,471
IN,2005,525
IN,2006,708
IN,2007,781
IN,2008,882
IN,2009,972
IN,2010,1620
IN,2011,1788
IN,2012,2451
IN,2013,3389
IN,2014,4199
IN,2015,4668
IN,2016,5217
IN,2017,6002
IN,2018,5995
IN,2019,7475
IN,2020,8096
IN,2021,8184
IN,2022,8592
IN,2023,9098
IN,2024,9482
IN,2025,10499
IQ,1976,1
IQ,1977,1
IQ,1978,8
IQ,1979,2
IQ,1980,2
IQ,1981,5
IQ,1982,4
IQ,1983,3
IQ,1984,2
IQ,1985,3
IQ,1986,1
IQ,1987,4
IQ,1988,5
IQ,1989,6
IQ,1991,6
IQ,1992,3
IQ,1993,4
IQ,1994,4
IQ,1995,4
IQ,1996,2
IQ,1997,8
IQ,1998,5
IQ,1999,6
IQ,2000,3
IQ,2001,2
IQ,2002,2
IQ,2003,1
IQ,2004,5
IQ,2006,2
IQ,2007,2
IQ,2008,6
IQ,2009,2
IQ,2010,2
IQ,2011,3
IQ,2012,5
IQ,2013,12
IQ,2014,4
IQ,2015,7
IQ,2016,5
IQ,2017,5
IQ,2018,3
IQ,2019,25
IQ,2020,15
IQ,2021,24
IQ,2022,12
IQ,2023,4
IQ,2024,4
IQ,2025,6
IR,1976,2
IR,1977,3
IR,1978,24
IR,1979,24
IR,1980,18
IR,1981,23
IR,1982,31
IR,1983,32
IR,1984,26
IR,1985,19
IR,1986,25
IR,1987,40
IR,1988,44
IR,1989,53
IR,1990,38
IR,1991,48
IR,1992,49
IR,1993,53
IR,1994,49
IR,1995,47
IR,1996,43
IR,1997,33
IR,1998,47
IR,1999,48
IR,2000,45
IR,2001,54
IR,2002,61
IR,2003,49
IR,2004,54
IR,2005,43
IR,2006,49
IR,2007,22
IR,2008,32
IR,2009,34
IR,2010,44
IR,2011,49
IR,2012,47
IR,2013,70
IR,2014,50
IR,2015,52
IR,2016,54
IR,2017,67
IR,2018,78
IR,2019,103
IR,2020,142
IR,2021,90
IR,2022,85
IR,2023,46
IR,2024,50
IR,2025,42
IS,1978,2
IS,1979,2
IS,1983,1
IS,1984,2
IS,1985,3
IS,1986,1
IS,1987,5
IS,1988,4
IS,1989,6
IS,1990,5
IS,1991,2
IS,1992,8
IS,1993,5
IS,1994,4
IS,1995,7
IS,1996,5
IS,1997,8
IS,1998,6
IS,1999,14
IS,2000,21
IS,2001,23
IS,2002,20
IS,2003,20
IS,2004,28
IS,2005,26
IS,2006,30
IS,2007,21
IS,2008,31
IS,2009,24
IS,2010,29
IS,2011,29
IS,2012,34
IS,2013,35
IS,2014,55
IS,2015,69
IS,2016,54
IS,2017,61
IS,2018,51
IS,2019,55
IS,2020,62
IS,2021,49
IS,2022,64
IS,2023,47
IS,2024,67
IS,2025,62
IT,1976,792
IT,1977,849
IT,1978,792
IT,1979,653
IT,1980,884
IT,1981,966
IT,1982,834
IT,1983,726
IT,1984,900
IT,1985,1040
IT,1986,1128
IT,1987,1324
IT,1988,1215
IT,1989,1476
IT,1990,1565
IT,1991,1431
IT,1992,1502
IT,1993,1526
IT,1994,1443
IT,1995,1331
IT,1996,1472
IT,1997,1502
IT,1998,1845
IT,1999,1813
IT,2000,2113
IT,2001,2183
IT,2002,2149
IT,2003,2206
IT,2004,2146
IT,2005,1789
IT,2006,2150
IT,2007,2089
IT,2008,2238
IT,2009,2122
IT,2010,2644
IT,2011,2704
IT,2012,2955
IT,2013,3374
IT,2014,3554
IT,2015,3643
IT,2016,3761
IT,2017,3883
IT,2018,4005
IT,2019,4533
IT,2020,4446
IT,2021,4110
IT,2022,4019
IT,2023,3667
IT,2024,4301
IT,2025,4399
JE,1976,2
JE,1977,1
JE,1986,1
JE,1992,2
JE,1993,2
JE,2005,1
JE,2006,1
JE,2011,3
JE,2012,4
JE,2013,6
JE,2014,5
JE,2015,9
JE,2016,10
JE,2017,8
JE,2018,18
JE,2019,22
JE,2020,15
JE,2021,9
JE,2022,12
JE,2023,6
JE,2024,9
JE,2025,6
JM,1976,1
JM,1977,7
JM,1978,4
JM,1980,2
JM,1984,2
JM,1985,2
JM,1986,2
JM,1987,1
JM,1990,1
JM,1991,3
JM,1992,2
JM,1993,1
JM,1995,3
JM,1996,1
JM,1998,1
JM,1999,1
JM,2000,2
JM,2001,1
JM,2002,3
JM,2003,2
JM,2004,2
JM,2005,3
JM,2006,1
JM,2007,1
JM,2008,4
JM,2009,5
JM,2010,5
JM,2011,3
JM,2012,3
JM,2013,7
JM,2014,8
JM,2015,10
JM,2016,6
JM,2017,10
JM,2018,2
JM,2019,8
JM,2020,10
JM,2021,4
JM,2022,3
JM,2023,3
JM,2024,2
JO,1976,1
JO,1978,1
JO,1986,2
JO,1990,1
JO,1992,1
JO,1993,1
JO,1994,1
JO,1996,2
JO,1997,5
JO,1998,4
JO,1999,1
JO,2001,6
JO,2002,2
JO,2003,2
JO,2004,2
JO,2005,1
JO,2006,1
JO,2007,2
JO,2008,1
JO,2009,3
JO,2010,3
JO,2011,6
JO,2012,14
JO,2013,18
JO,2014,24
JO,2015,26
JO,2016,20
JO,2017,27
JO,2018,26
JO,2019,26
JO,2020,18
JO,2021,14
JO,2022,13
JO,2023,16
JO,2024,27
JO,2025,20
JP,1978,3759
JP,1979,5454
JP,1980,7370
JP,1981,8728
JP,1982,8609
JP,1983,9128
JP,1984,11489
JP,1985,13185
JP,1986,13649
JP,1987,17011
JP,1988,16743
JP,1989,20861
JP,1990,20508
JP,1991,22160
JP,1992,22938
JP,1993,23299
JP,1994,23434
JP,1995,22847
JP,1996,24107
JP,1997,24236
JP,1998,32051
JP,1999,32683
JP,2000,33181
JP,2001,35175
JP,2002,36560
JP,2003,37432
JP,2004,37262
JP,2005,31969
JP,2006,39634
JP,2007,36168
JP,2008,37026
JP,2009,38437
JP,2010,47573
JP,2011,48871
JP,2012,53358
JP,2013,54927
JP,2014,56942
JP,2015,55301
JP,2016,52710
JP,2017,52710
JP,2018,50396
JP,2019,56744
JP,2020,54622
JP,2021,48958
JP,2022,48323
JP,2023,41005
JP,2024,45531
JP,2025,44867
KE,1976,3
KE,1978,2
KE,1980,3
KE,1981,1
KE,1982,2
KE,1984,1
KE,1988,2
KE,1991,1
KE,1992,1
KE,1993,3
KE,1994,1
KE,1996,2
KE,1997,2
KE,1998,1
KE,1999,2
KE,2000,3
KE,2001,5
KE,2002,4
KE,2003,12
KE,2004,18
KE,2005,10
KE,2006,6
KE,2007,3
KE,2008,6
KE,2009,10
KE,2010,2
KE,2011,5
KE,2012,2
KE,2013,9
KE,2014,11
KE,2015,11
KE,2016,10
KE,2017,14
KE,2018,23
KE,2019,28
KE,2020,50
KE,2021,36
KE,2022,30
KE,2023,19
KE,2024,22
KE,2025,11
KG,1976,6
KG,1977,4
KG,1978,4
KG,1979,7
KG,1980,6
KG,1981,5
KG,1982,4
KG,1983,1
KG,1985,4
KG,1986,2
KG,1988,4
KG,1991,1
KG,1992,1
KG,1996,2
KG,2000,1
KG,2001,1
KG,2003,1
KG,2008,1
KG,2020,1
KG,2022,2
KG,2023,5
KG,2024,1
KG,2025,3
KH,2004,1
KH,2006,1
KH,2011,1
KH,2016,3
KH,2017,1
KH,2018,3
KH,2021,2
KH,2022,1
KH,2023,1
KH,2024,4
KI,2014,1
KI,2020,1
KM,2001,1
KN,1996,1
KN,1998,1
KN,2000,1
KN,2001,3
KN,2002,2
KN,2005,1
KN,2008,2
KN,2010,1
KN,2012,2
KN,2014,1
KN,2016,1
KN,2020,1
KN,2023,1
KN,2024,1
KP,1978,1
KP,1979,2
KP,1981,3
KP,1984,1
KP,1985,3
KP,1988,2
KP,1989,5
KP,1990,1
KP,1991,6
KP,1992,4
KP,1993,1
KP,1994,1
KP,1997,1
KP,1998,3
KP,1999,3
KP,2000,2
KP,2001,2
KP,2002,1
KP,2003,2
KP,2004,3
KP,2005,1
KP,2008,1
KP,2009,1
KP,2010,3
KP,2011,2
KP,2012,15
KP,2013,25
KP,2014,34
KP,2015,34
KP,2016,7
KP,2017,3
KP,2018,11
KP,2019,8
KP,2020,4
KP,2021,8
KP,2022,7
KP,2023,1
KP,2024,3
KP,2025,1
KR,1976,8
KR,1977,7
KR,1978,13
KR,1979,7
KR,1980,13
KR,1981,18
KR,1982,18
KR,1983,29
KR,1984,34
KR,1985,50
KR,1986,64
KR,1987,107
KR,1988,125
KR,1989,178
KR,1990,288
KR,1991,450
KR,1992,597
KR,1993,843
KR,1994,1002
KR,1995,1236
KR,1996,1564
KR,1997,1996
KR,1998,3374
KR,1999,3703
KR,2000,3546
KR,2001,3842
KR,2002,4083
KR,2003,4233
KR,2004,4763
KR,2005,4687
KR,2006,6624
KR,2007,7443
KR,2008,8911
KR,2009,9778
KR,2010,12744
KR,2011,13465
KR,2012,14464
KR,2013,16068
KR,2014,18626
KR,2015,20752
KR,2016,22609
KR,2017,23446
KR,2018,22435
KR,2019,24322
KR,2020,24419
KR,2021,23385
KR,2022,24542
KR,2023,24054
KR,2024,26381
KR,2025,28335
KW,1986,2
KW,1987,4
KW,1988,2
KW,1989,2
KW,1990,1
KW,1991,1
KW,1992,1
KW,1993,1
KW,1994,1
KW,1995,1
KW,1996,2
KW,1997,1
KW,1998,6
KW,1999,11
KW,2000,6
KW,2001,5
KW,2002,8
KW,2003,8
KW,2004,3
KW,2005,2
KW,2006,5
KW,2007,5
KW,2008,13
KW,2009,15
KW,2010,11
KW,2011,21
KW,2012,31
KW,2013,70
KW,2014,92
KW,2015,52
KW,2016,28
KW,2017,19
KW,2018,15
KW,2019,16
KW,2020,18
KW,2021,7
KW,2022,6
KW,2023,7
KW,2024,9
KW,2025,17
KY,1976,1
KY,1977,1
KY,1979,1
KY,1981,1
KY,1983,1
KY,1985,1
KY,1988,1
KY,1990,1
KY,1991,1
KY,1992,4
KY,1993,1
KY,1994,1
KY,1995,3
KY,1996,4
KY,1997,7
KY,1998,10
KY,1999,4
KY,2000,8
KY,2001,4
KY,2002,13
KY,2003,7
KY,2004,1
KY,2005,2
KY,2007,12
KY,2008,3
KY,2009,2
KY,2010,5
KY,2011,3
KY,2012,9
KY,2013,19
KY,2014,14
KY,2015,12
KY,2016,13
KY,2017,11
KY,2018,12
KY,2019,15
KY,2020,18
KY,2021,29
KY,2022,19
KY,2023,17
KY,2024,14
KY,2025,29
KZ,1976,2
KZ,1977,2
KZ,1978,3
KZ,1979,2
KZ,1980,3
KZ,1981,6
KZ,1982,2
KZ,1983,5
KZ,1984,6
KZ,1985,5
KZ,1986,1
KZ,1987,4
KZ,1988,2
KZ,1989,4
KZ,1990,3
KZ,1991,3
KZ,1992,2
KZ,1994,1
KZ,1997,1
KZ,1998,1
KZ,1999,2
KZ,2000,5
KZ,2001,5
KZ,2002,2
KZ,2003,2
KZ,2004,5
KZ,2005,2
KZ,2006,2
KZ,2007,3
KZ,2008,1
KZ,2009,1
KZ,2010,1
KZ,2011,1
KZ,2012,1
KZ,2013,6
KZ,2014,6
KZ,2015,11
KZ,2016,6
KZ,2017,9
KZ,2018,7
KZ,2019,10
KZ,2020,15
KZ,2021,15
KZ,2022,6
KZ,2023,9
KZ,2024,6
KZ,2025,12
LA,1978,1
LA,1979,1
LA,1980,5
LA,1981,5
LA,1982,4
LA,1983,6
LA,1984,4
LA,1985,5
LA,1986,8
LA,1987,3
LA,1988,8
LA,1989,17
LA,1990,7
LA,1991,7
LA,1992,10
LA,1993,11
LA,1994,7
LA,1995,12
LA,1996,8
LA,1997,7
LA,1998,6
LA,1999,7
LA,2000,8
LA,2001,7
LA,2002,1
LA,2003,3
LA,2004,1
LA,2009,1
LA,2016,4
LA,2018,1
LA,2020,2
LA,2022,2
LB,1978,3
LB,1981,1
LB,1982,2
LB,1983,1
LB,1985,5
LB,1986,1
LB,1988,1
LB,1989,2
LB,1990,1
LB,1991,1
LB,1992,1
LB,1993,1
LB,1994,1
LB,1997,1
LB,1998,3
LB,1999,2
LB,2000,7
LB,2001,2
LB,2002,3
LB,2003,7
LB,2004,4
LB,2005,5
LB,2006,7
LB,2007,7
LB,2008,2
LB,2009,7
LB,2010,6
LB,2011,23
LB,2012,11
LB,2013,15
LB,2014,16
LB,2015,21
LB,2016,28
LB,2017,26
LB,2018,14
LB,2019,37
LB,2020,27
LB,2021,28
LB,2022,28
LB,2023,30
LB,2024,37
LB,2025,27
LC,1990,1
LC,1993,1
LC,2018,1
LC,2020,1
LC,2021,1
LI,1976,22
LI,1977,16
LI,1978,13
LI,1979,8
LI,1980,19
LI,1981,22
LI,1982,18
LI,1983,15
LI,1984,20
LI,1985,16
LI,1986,16
LI,1987,21
LI,1988,17
LI,1989,17
LI,1990,19
LI,1991,20
LI,1992,17
LI,1993,15
LI,1994,22
LI,1995,18
LI,1996,13
LI,1997,14
LI,1998,26
LI,1999,24
LI,2000,36
LI,2001,29
LI,2002,26
LI,2003,28
LI,2004,33
LI,2005,17
LI,2006,31
LI,2007,17
LI,2008,27
LI,2009,30
LI,2010,30
LI,2011,32
LI,2012,33
LI,2013,47
LI,2014,54
LI,2015,55
LI,2016,55
LI,2017,66
LI,2018,64
LI,2019,57
LI,2020,58
LI,2021,65
LI,2022,41
LI,2023,41
LI,2024,53
LI,2025,48
LK,1980,1
LK,1982,1
LK,1984,1
LK,1985,2
LK,1988,1
LK,1989,1
LK,1991,2
LK,1992,2
LK,1993,1
LK,1995,1
LK,1996,2
LK,1997,2
LK,1998,2
LK,1999,3
LK,2000,7
LK,2001,4
LK,2002,21
LK,2003,6
LK,2004,6
LK,2005,4
LK,2006,4
LK,2007,5
LK,2008,4
LK,2009,11
LK,2010,11
LK,2011,9
LK,2012,5
LK,2013,9
LK,2014,10
LK,2015,16
LK,2016,9
LK,2017,15
LK,2018,16
LK,2019,26
LK,2020,20
LK,2021,27
LK,2022,13
LK,2023,31
LK,2024,31
LK,2025,21
LR,1978,1
LR,1981,1
LR,1982,1
LR,1987,1
LR,1989,1
LR,1991,1
LR,1992,1
LR,1993,1
LR,1995,2
LR,2000,1
LR,2004,1
LR,2005,3
LR,2006,3
LR,2007,3
LR,2008,3
LR,2009,3
LR,2011,4
LR,2012,9
LR,2013,1
LR,2014,2
LR,2016,2
LR,2017,3
LR,2018,1
LR,2022,1
LS,1980,1
LS,1982,1
LS,1991,1
LS,1995,1
LS,2021,1
LT,1976,3
LT,1977,3
LT,1978,4
LT,1979,2
LT,1980,5
LT,1981,2
LT,1983,3
LT,1984,3
LT,1985,2
LT,1988,3
LT,1989,1
LT,1990,3
LT,1991,1
LT,1992,2
LT,1993,2
LT,1995,1
LT,1996,1
LT,1997,4
LT,1998,4
LT,1999,4
LT,2000,2
LT,2001,4
LT,2002,5
LT,2003,2
LT,2004,6
LT,2005,13
LT,2006,28
LT,2007,26
LT,2008,26
LT,2009,8
LT,2010,12
LT,2011,11
LT,2012,8
LT,2013,10
LT,2014,9
LT,2015,13
LT,2016,28
LT,2017,22
LT,2018,25
LT,2019,25
LT,2020,30
LT,2021,48
LT,2022,114
LT,2023,226
LT,2024,186
LT,2025,124
LU,1976,15
LU,1977,22
LU,1978,19
LU,1979,22
LU,1980,18
LU,1981,39
LU,1982,30
LU,1983,27
LU,1984,33
LU,1985,44
LU,1986,39
LU,1987,30
LU,1988,43
LU,1989,48
LU,1990,34
LU,1991,51
LU,1992,46
LU,1993,54
LU,1994,54
LU,1995,44
LU,1996,36
LU,1997,59
LU,1998,54
LU,1999,51
LU,2000,78
LU,2001,79
LU,2002,89
LU,2003,79
LU,2004,85
LU,2005,78
LU,2006,70
LU,2007,85
LU,2008,64
LU,2009,90
LU,2010,69
LU,2011,76
LU,2012,80
LU,2013,99
LU,2014,109
LU,2015,118
LU,2016,112
LU,2017,133
LU,2018,124
LU,2019,137
LU,2020,165
LU,2021,107
LU,2022,121
LU,2023,154
LU,2024,147
LU,2025,181
LV,1976,24
LV,1977,7
LV,1978,10
LV,1979,9
LV,1980,9
LV,1981,9
LV,1982,2
LV,1983,5
LV,1984,10
LV,1985,3
LV,1986,6
LV,1987,4
LV,1988,6
LV,1989,2
LV,1990,1
LV,1991,10
LV,1992,2
LV,1994,2
LV,1996,1
LV,1997,5
LV,1998,5
LV,1999,7
LV,2000,6
LV,2001,2
LV,2002,1
LV,2003,6
LV,2004,3
LV,2005,4
LV,2006,5
LV,2007,6
LV,2008,4
LV,2009,8
LV,2010,7
LV,2011,12
LV,2012,12
LV,2013,17
LV,2014,16
LV,2015,11
LV,2016,19
LV,2017,14
LV,2018,13
LV,2019,14
LV,2020,22
LV,2021,29
LV,2022,27
LV,2023,34
LV,2024,24
LV,2025,53
LY,1981,1
LY,1983,1
LY,1995,1
LY,1996,1
LY,1999,1
LY,2000,1
LY,2011,1
LY,2013,1
LY,2017,1
LY,2024,1
MA,1976,2
MA,1977,6
MA,1981,1
MA,1983,1
MA,1984,3
MA,1985,5
MA,1988,3
MA,1989,2
MA,1990,2
MA,1991,1
MA,1993,1
MA,1994,1
MA,1995,3
MA,1996,2
MA,1997,2
MA,1998,2
MA,1999,4
MA,2000,9
MA,2001,2
MA,2002,1
MA,2003,3
MA,2004,4
MA,2005,3
MA,2006,6
MA,2007,1
MA,2008,6
MA,2009,6
MA,2010,2
MA,2011,7
MA,2012,5
MA,2013,4
MA,2014,8
MA,2015,13
MA,2016,4
MA,2017,4
MA,2018,13
MA,2019,7
MA,2020,7
MA,2021,16
MA,2022,13
MA,2023,16
MA,2024,19
MA,2025,17
MC,1976,5
MC,1977,8
MC,1978,8
MC,1979,2
MC,1980,7
MC,1981,5
MC,1982,6
MC,1983,5
MC,1984,6
MC,1985,11
MC,1986,3
MC,1987,3
MC,1988,4
MC,1989,7
MC,1990,7
MC,1991,7
MC,1992,6
MC,1993,5
MC,1994,7
MC,1995,2
MC,1996,4
MC,1997,12
MC,1998,7
MC,1999,18
MC,2000,15
MC,2001,22
MC,2002,22
MC,2003,11
MC,2004,13
MC,2005,10
MC,2006,18
MC,2007,13
MC,2008,12
MC,2009,9
MC,2010,13
MC,2011,9
MC,2012,13
MC,2013,19
MC,2014,24
MC,2015,21
MC,2016,14
MC,2017,20
MC,2018,19
MC,2019,21
MC,2020,15
MC,2021,12
MC,2022,18
MC,2023,13
MC,2024,16
MC,2025,23
MD,1977,1
MD,1978,2
MD,1980,2
MD,1982,2
MD,1985,1
MD,1990,2
MD,1991,1
MD,1992,1
MD,1997,1
MD,2003,1
MD,2004,1
MD,2006,1
MD,2011,2
MD,2012,2
MD,2013,1
MD,2014,3
MD,2015,4
MD,2016,2
MD,2017,2
MD,2018,2
MD,2019,5
MD,2020,1
MD,2021,5
MD,2022,8
MD,2023,1
MD,2024,4
MD,2025,4
ME,1978,1
ME,1979,1
ME,1981,1
ME,1982,1
ME,1983,2
ME,1985,1
ME,1989,1
ME,1990,6
ME,1991,4
ME,1992,1
ME,1993,2
ME,1997,1
ME,2005,1
ME,2007,2
ME,2008,1
ME,2012,1
ME,2014,1
ME,2019,3
ME,2021,5
ME,2022,4
ME,2023,6
ME,2024,3
ME,2025,2
MG,1978,1
MG,1993,1
MG,1996,1
MG,1999,2
MG,2001,2
MG,2002,1
MG,2003,1
MG,2004,1
MG,2005,1
MG,2008,1
MG,2011,1
MG,2014,1
MG,2018,1
MG,2019,1
MG,2022,1
MG,2023,1
MG,2025,1
MK,1977,1
MK,1980,2
MK,1981,2
MK,1984,1
MK,1986,1
MK,1990,1
MK,1992,1
MK,2003,1
MK,2008,1
MK,2011,3
MK,2014,1
MK,2015,2
MK,2016,1
MK,2017,1
MK,2018,4
MK,2019,2
MK,2020,4
MK,2022,3
MK,2023,4
MK,2024,4
MK,2025,5
ML,1989,1
ML,1992,1
ML,1995,2
ML,1996,2
ML,1997,1
ML,1998,2
ML,1999,1
ML,2000,1
ML,2002,3
ML,2003,2
ML,2004,2
ML,2005,1
ML,2007,1
ML,2009,2
ML,2012,1
ML,2015,1
ML,2016,1
ML,2018,1
ML,2024,1
ML,2025,1
MM,1976,1
MM,1977,1
MM,1978,3
MM,1980,1
MM,1981,3
MM,1984,2
MM,1985,3
MM,1988,1
MM,1990,1
MM,1991,2
MM,1994,2
MM,1995,2
MM,1997,1
MM,1998,3
MM,2000,1
MM,2004,1
MM,2011,1
MM,2012,1
MM,2014,1
MM,2015,1
MM,2018,3
MM,2019,2
MM,2020,1
MM,2021,2
MM,2022,1
MM,2023,3
MM,2024,2
MM,2025,1
MN,1991,2
MN,1992,4
MN,1993,1
MN,1994,3
MN,1995,1
MN,2012,1
MN,2013,1
MN,2015,3
MN,2017,1
MN,2018,2
MN,2019,2
MN,2020,1
MN,2021,1
MN,2022,1
MN,2023,3
MN,2024,1
MT,1978,2
MT,1980,1
MT,1988,1
MT,1989,1
MT,1992,1
MT,1993,1
MT,1994,1
MT,1995,1
MT,1997,1
MT,1998,2
MT,2000,2
MT,2001,1
MT,2002,1
MT,2003,3
MT,2004,2
MT,2005,1
MT,2006,2
MT,2007,2
MT,2008,1
MT,2009,6
MT,2010,4
MT,2011,6
MT,2012,5
MT,2013,12
MT,2014,19
MT,2015,9
MT,2016,22
MT,2017,11
MT,2018,8
MT,2019,30
MT,2020,28
MT,2021,32
MT,2022,50
MT,2023,43
MT,2024,38
MT,2025,36
MU,1985,1
MU,1988,2
MU,1989,2
MU,1990,1
MU,1991,2
MU,1992,8
MU,1993,4
MU,1994,7
MU,1995,6
MU,1996,4
MU,1997,7
MU,1998,7
MU,1999,8
MU,2000,3
MU,2001,9
MU,2002,6
MU,2003,2
MU,2004,7
MU,2005,4
MU,2006,4
MU,2007,9
MU,2008,9
MU,2009,9
MU,2010,7
MU,2011,9
MU,2012,13
MU,2013,13
MU,2014,11
MU,2015,16
MU,2016,10
MU,2017,18
MU,2018,13
MU,2019,13
MU,2020,7
MU,2021,9
MU,2022,4
MU,2023,2
MU,2024,4
MU,2025,4
MW,1976,1
MW,1981,1
MW,2015,1
MW,2019,1
MW,2022,1
MW,2025,1
MX,1976,94
MX,1977,52
MX,1978,41
MX,1979,43
MX,1980,49
MX,1981,48
MX,1982,53
MX,1983,45
MX,1984,48
MX,1985,45
MX,1986,46
MX,1987,61
MX,1988,46
MX,1989,50
MX,1990,42
MX,1991,49
MX,1992,54
MX,1993,57
MX,1994,61
MX,1995,61
MX,1996,69
MX,1997,78
MX,1998,110
MX,1999,119
MX,2000,135
MX,2001,132
MX,2002,154
MX,2003,130
MX,2004,136
MX,2005,124
MX,2006,126
MX,2007,123
MX,2008,125
MX,2009,123
MX,2010,154
MX,2011,182
MX,2012,231
MX,2013,286
MX,2014,314
MX,2015,303
MX,2016,383
MX,2017,477
MX,2018,522
MX,2019,603
MX,2020,573
MX,2021,478
MX,2022,465
MX,2023,445
MX,2024,461
MX,2025,524
MY,1976,3
MY,1977,5
MY,1978,1
MY,1979,2
MY,1980,2
MY,1981,1
MY,1982,3
MY,1983,7
MY,1984,5
MY,1985,5
MY,1986,6
MY,1987,4
MY,1988,3
MY,1989,5
MY,1990,8
MY,1991,14
MY,1992,14
MY,1993,27
MY,1994,30
MY,1995,11
MY,1996,31
MY,1997,35
MY,1998,46
MY,1999,54
MY,2000,68
MY,2001,84
MY,2002,102
MY,2003,98
MY,2004,128
MY,2005,131
MY,2006,194
MY,2007,230
MY,2008,218
MY,2009,233
MY,2010,295
MY,2011,271
MY,2012,306
MY,2013,311
MY,2014,380
MY,2015,381
MY,2016,384
MY,2017,378
MY,2018,345
MY,2019,422
MY,2020,406
MY,2021,385
MY,2022,373
MY,2023,339
MY,2024,347
MY,2025,400
MZ,2019,1
MZ,2021,2
MZ,2022,1
MZ,2023,2
NE,1978,2
NE,1979,1
NE,1980,2
NE,1981,1
NE,1983,1
NE,1985,1
NE,1990,1
NE,1991,1
NE,1992,1
NE,1995,1
NE,1996,3
NE,1997,1
NE,1999,2
NE,2000,2
NE,2001,3
NE,2003,1
NE,2004,1
NE,2007,1
NE,2008,1
NE,2010,1
NE,2012,1
NE,2013,2
NE,2014,1
NE,2015,1
NE,2017,1
NE,2018,1
NE,2024,1
NG,1976,2
NG,1977,1
NG,1978,4
NG,1979,8
NG,1980,9
NG,1981,9
NG,1982,10
NG,1983,4
NG,1984,6
NG,1985,6
NG,1986,10
NG,1987,8
NG,1988,4
NG,1989,9
NG,1990,6
NG,1991,6
NG,1992,9
NG,1993,9
NG,1994,10
NG,1995,12
NG,1996,7
NG,1997,2
NG,1998,7
NG,1999,1
NG,2000,3
NG,2001,1
NG,2002,6
NG,2003,4
NG,2004,7
NG,2005,5
NG,2006,7
NG,2007,3
NG,2008,5
NG,2009,2
NG,2010,3
NG,2011,2
NG,2012,3
NG,2013,4
NG,2014,7
NG,2015,3
NG,2016,3
NG,2017,9
NG,2018,6
NG,2019,4
NG,2020,7
NG,2021,6
NG,2022,6
NG,2023,6
NG,2024,1
NG,2025,2
NI,1978,1
NI,1993,1
NI,1994,1
NI,1999,1
NI,2003,1
NI,2012,1
NI,2013,2
NI,2014,1
NI,2015,1
NI,2016,2
NI,2017,1
NL,1976,791
NL,1977,758
NL,1978,724
NL,1979,565
NL,1980,709
NL,1981,701
NL,1982,685
NL,1983,698
NL,1984,796
NL,1985,869
NL,1986,856
NL,1987,1047
NL,1988,956
NL,1989,1238
NL,1990,1123
NL,1991,1154
NL,1992,1072
NL,1993,1020
NL,1994,1086
NL,1995,994
NL,1996,1007
NL,1997,1019
NL,1998,1513
NL,1999,1628
NL,2000,1665
NL,2001,1747
NL,2002,1966
NL,2003,1875
NL,2004,1857
NL,2005,1454
NL,2006,1958
NL,2007,1907
NL,2008,2007
NL,2009,1943
NL,2010,2382
NL,2011,2516
NL,2012,2771
NL,2013,3161
NL,2014,3528
NL,2015,3459
NL,2016,3669
NL,2017,3904
NL,2018,3971
NL,2019,4448
NL,2020,4300
NL,2021,3854
NL,2022,3669
NL,2023,3080
NL,2024,3466
NL,2025,3493
NO,1976,105
NO,1977,123
NO,1978,100
NO,1979,88
NO,1980,90
NO,1981,104
NO,1982,76
NO,1983,81
NO,1984,106
NO,1985,112
NO,1986,87
NO,1987,168
NO,1988,143
NO,1989,157
NO,1990,124
NO,1991,131
NO,1992,126
NO,1993,134
NO,1994,139
NO,1995,152
NO,1996,164
NO,1997,169
NO,1998,257
NO,1999,271
NO,2000,293
NO,2001,314
NO,2002,315
NO,2003,324
NO,2004,301
NO,2005,291
NO,2006,303
NO,2007,328
NO,2008,333
NO,2009,342
NO,2010,511
NO,2011,494
NO,2012,556
NO,2013,632
NO,2014,720
NO,2015,804
NO,2016,811
NO,2017,758
NO,2018,772
NO,2019,827
NO,2020,877
NO,2021,784
NO,2022,779
NO,2023,728
NO,2024,813
NO,2025,835
NP,1986,1
NP,1991,1
NP,1997,1
NP,1998,2
NP,1999,1
NP,2000,3
NP,2001,3
NP,2002,1
NP,2005,1
NP,2009,1
NP,2010,2
NP,2012,1
NP,2013,3
NP,2014,6
NP,2015,1
NP,2016,10
NP,2017,2
NP,2018,5
NP,2019,2
NP,2020,5
NP,2021,3
NP,2022,5
NP,2023,1
NP,2024,4
NP,2025,5
NZ,1976,35
NZ,1977,39
NZ,1978,48
NZ,1979,31
NZ,1980,60
NZ,1981,63
NZ,1982,58
NZ,1983,50
NZ,1984,71
NZ,1985,54
NZ,1986,69
NZ,1987,85
NZ,1988,72
NZ,1989,83
NZ,1990,75
NZ,1991,53
NZ,1992,64
NZ,1993,55
NZ,1994,57
NZ,1995,64
NZ,1996,86
NZ,1997,125
NZ,1998,162
NZ,1999,157
NZ,2000,160
NZ,2001,190
NZ,2002,207
NZ,2003,192
NZ,2004,213
NZ,2005,162
NZ,2006,200
NZ,2007,195
NZ,2008,201
NZ,2009,235
NZ,2010,285
NZ,2011,323
NZ,2012,355
NZ,2013,366
NZ,2014,401
NZ,2015,450
NZ,2016,435
NZ,2017,480
NZ,2018,490
NZ,2019,582
NZ,2020,580
NZ,2021,531
NZ,2022,606
NZ,2023,517
NZ,2024,586
NZ,2025,684
OM,1993,1
OM,1994,1
OM,1998,1
OM,1999,2
OM,2000,1
OM,2002,1
OM,2003,1
OM,2004,2
OM,2005,1
OM,2006,1
OM,2007,3
OM,2008,5
OM,2009,3
OM,2010,4
OM,2011,4
OM,2012,5
OM,2013,4
OM,2014,6
OM,2015,5
OM,2016,2
OM,2017,7
OM,2018,3
OM,2019,5
OM,2020,5
OM,2021,4
OM,2022,2
OM,2023,2
OM,2024,11
OM,2025,5
PA,1976,3
PA,1978,3
PA,1980,2
PA,1981,1
PA,1982,2
PA,1983,1
PA,1984,1
PA,1985,3
PA,1987,2
PA,1988,2
PA,1989,3
PA,1990,2
PA,1991,2
PA,1992,4
PA,1993,3
PA,1994,5
PA,1995,3
PA,1996,1
PA,1997,1
PA,1999,4
PA,2000,2
PA,2001,1
PA,2002,1
PA,2003,3
PA,2004,3
PA,2008,3
PA,2009,2
PA,2010,5
PA,2011,2
PA,2012,9
PA,2013,4
PA,2014,5
PA,2015,4
PA,2016,8
PA,2017,13
PA,2018,6
PA,2019,9
PA,2020,8
PA,2021,9
PA,2022,6
PA,2023,11
PA,2024,6
PA,2025,9
PE,1976,7
PE,1977,4
PE,1978,3
PE,1979,9
PE,1980,2
PE,1981,9
PE,1982,11
PE,1983,11
PE,1984,14
PE,1985,10
PE,1986,9
PE,1987,15
PE,1988,13
PE,1989,16
PE,1990,18
PE,1991,8
PE,1992,10
PE,1993,13
PE,1994,11
PE,1995,13
PE,1996,17
PE,1997,65
PE,1998,288
PE,1999,17
PE,2000,21
PE,2001,17
PE,2002,14
PE,2003,19
PE,2004,52
PE,2005,80
PE,2006,91
PE,2007,73
PE,2008,71
PE,2009,64
PE,2010,87
PE,2011,76
PE,2012,92
PE,2013,93
PE,2014,110
PE,2015,100
PE,2016,85
PE,2017,134
PE,2018,120
PE,2019,48
PE,2020,27
PE,2021,25
PE,2022,19
PE,2023,23
PE,2024,18
PE,2025,16
PG,1977,1
PG,1980,1
PG,1984,1
PG,1993,1
PG,1995,1
PG,1997,2
PG,2000,1
PG,2002,1
PG,2010,1
PG,2017,1
PG,2018,1
PG,2019,1
PH,1976,67
PH,1977,62
PH,1978,65
PH,1979,70
PH,1980,69
PH,1981,66
PH,1982,33
PH,1983,40
PH,1984,40
PH,1985,23
PH,1986,18
PH,1987,19
PH,1988,11
PH,1989,35
PH,1990,32
PH,1991,39
PH,1992,12
PH,1993,18
PH,1994,15
PH,1995,8
PH,1996,12
PH,1997,40
PH,1998,96
PH,1999,28
PH,2000,30
PH,2001,32
PH,2002,36
PH,2003,50
PH,2004,42
PH,2005,27
PH,2006,51
PH,2007,39
PH,2008,35
PH,2009,45
PH,2010,65
PH,2011,55
PH,2012,80
PH,2013,64
PH,2014,82
PH,2015,91
PH,2016,101
PH,2017,124
PH,2018,144
PH,2019,150
PH,2020,154
PH,2021,129
PH,2022,135
PH,2023,122
PH,2024,126
PH,2025,123
PK,1976,2
PK,1980,3
PK,1982,1
PK,1984,1
PK,1985,1
PK,1986,1
PK,1987,2
PK,1991,1
PK,1992,1
PK,1993,1
PK,1994,2
PK,1995,2
PK,1996,4
PK,1998,4
PK,1999,2
PK,2000,6
PK,2001,2
PK,2002,2
PK,2003,4
PK,2004,8
PK,2005,6
PK,2006,5
PK,2007,7
PK,2008,8
PK,2009,5
PK,2010,5
PK,2011,12
PK,2012,23
PK,2013,17
PK,2014,22
PK,2015,27
PK,2016,26
PK,2017,34
PK,2018,33
PK,2019,44
PK,2020,32
PK,2021,28
PK,2022,38
PK,2023,44
PK,2024,61
PK,2025,53
PL,1976,25
PL,1977,23
PL,1978,35
PL,1979,32
PL,1980,38
PL,1981,39
PL,1982,35
PL,1983,27
PL,1984,17
PL,1985,14
PL,1986,15
PL,1987,16
PL,1988,21
PL,1989,24
PL,1990,25
PL,1991,18
PL,1992,15
PL,1993,14
PL,1994,16
PL,1995,18
PL,1996,38
PL,1997,31
PL,1998,44
PL,1999,47
PL,2000,32
PL,2001,43
PL,2002,35
PL,2003,44
PL,2004,49
PL,2005,56
PL,2006,71
PL,2007,77
PL,2008,90
PL,2009,82
PL,2010,108
PL,2011,117
PL,2012,158
PL,2013,192
PL,2014,239
PL,2015,325
PL,2016,359
PL,2017,360
PL,2018,367
PL,2019,499
PL,2020,556
PL,2021,587
PL,2022,521
PL,2023,549
PL,2024,645
PL,2025,763
PN,1986,1
PS,2001,1
PS,2003,1
PS,2013,1
PS,2015,2
PS,2018,1
PS,2019,1
PS,2020,3
PS,2021,2
PS,2023,1
PS,2025,1
PT,1976,2
PT,1977,5
PT,1978,6
PT,1980,4
PT,1981,6
PT,1982,13
PT,1983,9
PT,1984,1
PT,1985,6
PT,1986,2
PT,1987,8
PT,1988,6
PT,1989,13
PT,1990,8
PT,1991,8
PT,1992,11
PT,1993,7
PT,1994,7
PT,1995,3
PT,1996,4
PT,1997,10
PT,1998,13
PT,1999,11
PT,2000,17
PT,2001,24
PT,2002,21
PT,2003,16
PT,2004,26
PT,2005,34
PT,2006,33
PT,2007,30
PT,2008,55
PT,2009,29
PT,2010,59
PT,2011,61
PT,2012,98
PT,2013,123
PT,2014,115
PT,2015,143
PT,2016,165
PT,2017,187
PT,2018,183
PT,2019,223
PT,2020,221
PT,2021,227
PT,2022,209
PT,2023,196
PT,2024,268
PT,2025,286
PW,2000,1
PW,2004,1
PY,1979,1
PY,1982,1
PY,1983,1
PY,1989,2
PY,1990,1
PY,1995,1
PY,1999,2
PY,2006,1
PY,2010,1
PY,2012,3
PY,2013,1
PY,2014,2
PY,2015,2
PY,2017,1
PY,2018,3
PY,2020,3
PY,2021,2
PY,2022,3
PY,2023,2
PY,2024,4
PY,2025,3
QA,1993,1
QA,2000,1
QA,2005,2
QA,2006,3
QA,2007,2
QA,2008,2
QA,2009,3
QA,2010,1
QA,2011,2
QA,2012,8
QA,2013,15
QA,2014,6
QA,2015,12
QA,2016,23
QA,2017,36
QA,2018,46
QA,2019,46
QA,2020,38
QA,2021,29
QA,2022,44
QA,2023,41
QA,2024,55
QA,2025,38
RO,1976,15
RO,1977,17
RO,1978,11
RO,1979,11
RO,1980,14
RO,1981,10
RO,1982,6
RO,1983,3
RO,1984,5
RO,1985,3
RO,1986,2
RO,1987,5
RO,1988,1
RO,1990,2
RO,1991,1
RO,1993,3
RO,1994,5
RO,1995,6
RO,1996,6
RO,1997,5
RO,1998,5
RO,1999,5
RO,2000,7
RO,2001,15
RO,2002,7
RO,2003,11
RO,2004,13
RO,2005,15
RO,2006,22
RO,2007,23
RO,2008,33
RO,2009,37
RO,2010,36
RO,2011,58
RO,2012,79
RO,2013,94
RO,2014,113
RO,2015,112
RO,2016,138
RO,2017,160
RO,2018,148
RO,2019,165
RO,2020,196
RO,2021,174
RO,2022,193
RO,2023,232
RO,2024,224
RO,2025,239
RS,1976,2
RS,1978,3
RS,1979,1
RS,1980,1
RS,1981,3
RS,1982,1
RS,1983,2
RS,1984,3
RS,1985,1
RS,1986,2
RS,1987,3
RS,1988,2
RS,1989,6
RS,1990,2
RS,1991,8
RS,1992,7
RS,1993,3
RS,1994,6
RS,1995,2
RS,1996,3
RS,1997,5
RS,1998,3
RS,1999,2
RS,2000,7
RS,2001,2
RS,2002,2
RS,2003,3
RS,2004,1
RS,2005,3
RS,2006,2
RS,2007,6
RS,2008,5
RS,2009,2
RS,2010,5
RS,2011,8
RS,2012,19
RS,2013,15
RS,2014,18
RS,2015,13
RS,2016,29
RS,2017,40
RS,2018,44
RS,2019,46
RS,2020,54
RS,2021,47
RS,2022,44
RS,2023,48
RS,2024,49
RS,2025,76
RU,1976,319
RU,1977,276
RU,1978,305
RU,1979,257
RU,1980,339
RU,1981,265
RU,1982,138
RU,1983,152
RU,1984,147
RU,1985,106
RU,1986,86
RU,1987,74
RU,1988,71
RU,1989,111
RU,1990,122
RU,1991,125
RU,1992,52
RU,1993,62
RU,1994,99
RU,1995,124
RU,1996,166
RU,1997,174
RU,1998,309
RU,1999,280
RU,2000,278
RU,2001,343
RU,2002,304
RU,2003,309
RU,2004,270
RU,2005,238
RU,2006,286
RU,2007,300
RU,2008,288
RU,2009,315
RU,2010,436
RU,2011,478
RU,2012,526
RU,2013,613
RU,2014,648
RU,2015,710
RU,2016,793
RU,2017,787
RU,2018,759
RU,2019,888
RU,2020,949
RU,2021,961
RU,2022,967
RU,2023,764
RU,2024,857
RU,2025,663
RW,2017,1
RW,2020,1
RW,2021,1
SA,1976,4
SA,1977,3
SA,1978,1
SA,1979,1
SA,1980,4
SA,1981,1
SA,1983,7
SA,1984,5
SA,1985,5
SA,1986,7
SA,1987,7
SA,1988,2
SA,1989,8
SA,1990,10
SA,1991,6
SA,1992,10
SA,1993,6
SA,1994,15
SA,1995,12
SA,1996,12
SA,1997,14
SA,1998,20
SA,1999,15
SA,2000,30
SA,2001,18
SA,2002,18
SA,2003,26
SA,2004,16
SA,2005,22
SA,2006,30
SA,2007,23
SA,2008,34
SA,2009,26
SA,2010,69
SA,2011,80
SA,2012,199
SA,2013,267
SA,2014,324
SA,2015,413
SA,2016,517
SA,2017,651
SA,2018,752
SA,2019,1017
SA,2020,1069
SA,2021,1341
SA,2022,1495
SA,2023,1567
SA,2024,2091
SA,2025,1657
SB,1981,1
SB,1997,1
SB,2014,1
SC,1976,6
SC,1977,2
SC,1978,1
SC,1990,1
SC,2013,1
SC,2014,2
SC,2015,2
SC,2016,2
SC,2017,1
SC,2020,4
SC,2022,1
SC,2023,1
SC,2024,2
SC,2025,3
SD,1988,1
SD,2012,1
SD,2015,1
SD,2016,2
SD,2018,1
SD,2019,1
SD,2021,1
SD,2022,1
SD,2024,1
SE,1976,2
SE,1977,3
SE,1978,456
SE,1979,643
SE,1980,907
SE,1981,869
SE,1982,807
SE,1983,713
SE,1984,787
SE,1985,895
SE,1986,968
SE,1987,1029
SE,1988,877
SE,1989,894
SE,1990,870
SE,1991,816
SE,1992,736
SE,1993,743
SE,1994,809
SE,1995,940
SE,1996,1021
SE,1997,988
SE,1998,1385
SE,1999,1583
SE,2000,1825
SE,2001,1973
SE,2002,1929
SE,2003,1755
SE,2004,1517
SE,2005,1305
SE,2006,1497
SE,2007,1415
SE,2008,1408
SE,2009,1360
SE,2010,1799
SE,2011,2127
SE,2012,2581
SE,2013,2871
SE,2014,3378
SE,2015,3352
SE,2016,3639
SE,2017,3881
SE,2018,3746
SE,2019,4041
SE,2020,4088
SE,2021,3879
SE,2022,3866
SE,2023,3652
SE,2024,4187
SE,2025,4255
SG,1976,3
SG,1977,5
SG,1978,3
SG,1980,6
SG,1981,5
SG,1982,6
SG,1983,6
SG,1984,4
SG,1985,14
SG,1986,5
SG,1987,16
SG,1988,12
SG,1989,29
SG,1990,21
SG,1991,30
SG,1992,42
SG,1993,61
SG,1994,79
SG,1995,81
SG,1996,124
SG,1997,132
SG,1998,181
SG,1999,207
SG,2000,298
SG,2001,390
SG,2002,532
SG,2003,564
SG,2004,588
SG,2005,467
SG,2006,586
SG,2007,546
SG,2008,572
SG,2009,625
SG,2010,826
SG,2011,887
SG,2012,1086
SG,2013,1102
SG,2014,1310
SG,2015,1367
SG,2016,1414
SG,2017,1480
SG,2018,1479
SG,2019,1666
SG,2020,1614
SG,2021,1567
SG,2022,1631
SG,2023,1729
SG,2024,1904
SG,2025,1963
SH,2022,1
SI,1976,5
SI,1977,4
SI,1978,8
SI,1979,7
SI,1980,12
SI,1981,4
SI,1982,3
SI,1983,5
SI,1984,10
SI,1985,7
SI,1986,2
SI,1987,8
SI,1988,12
SI,1989,7
SI,1990,9
SI,1991,7
SI,1992,6
SI,1993,10
SI,1994,14
SI,1995,9
SI,1996,16
SI,1997,10
SI,1998,24
SI,1999,16
SI,2000,24
SI,2001,26
SI,2002,18
SI,2003,21
SI,2004,27
SI,2005,19
SI,2006,29
SI,2007,31
SI,2008,18
SI,2009,29
SI,2010,33
SI,2011,41
SI,2012,55
SI,2013,48
SI,2014,60
SI,2015,54
SI,2016,82
SI,2017,81
SI,2018,94
SI,2019,107
SI,2020,116
SI,2021,108
SI,2022,124
SI,2023,97
SI,2024,99
SI,2025,111
SK,1976,16
SK,1977,15
SK,1978,14
SK,1979,11
SK,1980,10
SK,1981,12
SK,1982,8
SK,1983,6
SK,1984,3
SK,1985,11
SK,1986,2
SK,1987,16
SK,1988,10
SK,1989,13
SK,1990,9
SK,1991,11
SK,1992,7
SK,1993,6
SK,1994,7
SK,1995,4
SK,1996,3
SK,1997,7
SK,1998,10
SK,1999,20
SK,2000,15
SK,2001,4
SK,2002,19
SK,2003,19
SK,2004,10
SK,2005,4
SK,2006,10
SK,2007,15
SK,2008,15
SK,2009,23
SK,2010,42
SK,2011,30
SK,2012,28
SK,2013,30
SK,2014,50
SK,2015,59
SK,2016,52
SK,2017,75
SK,2018,74
SK,2019,106
SK,2020,110
SK,2021,100
SK,2022,111
SK,2023,111
SK,2024,113
SK,2025,102
SL,1976,3
SL,1977,3
SL,2002,3
SL,2003,3
SL,2010,1
SL,2011,1
SL,2014,1
SL,2015,2
SL,2016,3
SL,2023,1
SL,2024,1
SM,1982,1
SM,1987,2
SM,1994,1
SM,1999,1
SM,2013,2
SM,2016,1
SM,2017,2
SM,2018,1
SM,2019,1
SM,2020,1
SM,2021,2
SM,2022,13
SM,2023,3
SM,2024,4
SM,2025,7
SN,1979,1
SN,1981,1
SN,1983,1
SN,1984,1
SN,2010,2
SN,2012,1
SN,2013,2
SN,2014,1
SN,2016,1
SN,2017,1
SN,2018,1
SN,2019,1
SN,2020,1
SN,2021,2
SN,2022,2
SN,2023,2
SN,2024,2
SN,2025,3
SO,1979,1
SO,1982,1
SO,2000,1
SO,2003,1
SO,2016,1
SR,1999,1
SR,2001,2
SR,2017,1
SR,2024,1
SS,1976,1
SS,1978,1
SS,1979,1
SS,1980,1
SS,1981,1
SS,1990,1
SS,1992,1
SS,1993,1
SS,1995,1
ST,1986,1
ST,1989,1
ST,1997,1
ST,1998,2
ST,2000,1
SV,1978,3
SV,1983,1
SV,1986,1
SV,1988,2
SV,1995,1
SV,1997,1
SV,1998,1
SV,2001,3
SV,2003,1
SV,2004,1
SV,2005,3
SV,2006,1
SV,2012,1
SV,2013,2
SV,2015,3
SV,2016,1
SV,2017,3
SV,2019,1
SV,2020,1
SV,2021,1
SV,2022,1
SY,1981,1
SY,1983,2
SY,1986,2
SY,1987,2
SY,1988,1
SY,1989,2
SY,1990,1
SY,1992,2
SY,1993,1
SY,1995,1
SY,1996,1
SY,1997,1
SY,1999,5
SY,2000,8
SY,2001,2
SY,2002,4
SY,2003,4
SY,2004,2
SY,2005,3
SY,2006,6
SY,2007,5
SY,2008,8
SY,2009,3
SY,2010,6
SY,2011,12
SY,2012,9
SY,2013,18
SY,2014,14
SY,2015,17
SY,2016,20
SY,2017,33
SY,2018,24
SY,2019,38
SY,2020,16
SY,2021,16
SY,2022,6
SZ,1978,1
SZ,2011,1
SZ,2020,1
SZ,2022,1
TC,1989,1
TC,1996,1
TC,1998,1
TC,2000,1
TC,2002,1
TC,2003,3
TC,2005,6
TC,2006,2
TC,2007,2
TC,2012,1
TC,2013,1
TC,2018,1
TC,2019,1
TC,2020,1
TC,2022,3
TC,2023,2
TC,2025,2
TD,1976,4
TD,1977,4
TD,1978,2
TD,1980,1
TD,1982,2
TD,1986,1
TD,1988,2
TD,1989,1
TD,1990,1
TD,1992,1
TD,1993,2
TD,1995,1
TD,1996,1
TD,1999,2
TD,2000,1
TD,2001,4
TD,2002,2
TD,2004,2
TD,2005,2
TD,2007,1
TD,2008,4
TD,2010,1
TD,2012,1
TD,2013,2
TD,2015,1
TD,2016,1
TD,2018,1
TD,2019,3
TD,2020,3
TD,2021,2
TG,2016,1
TG,2018,1
TH,1977,3
TH,1978,2
TH,1979,1
TH,1980,3
TH,1981,2
TH,1983,3
TH,1984,1
TH,1985,1
TH,1986,4
TH,1987,1
TH,1988,2
TH,1989,4
TH,1990,3
TH,1991,6
TH,1992,4
TH,1993,22
TH,1994,8
TH,1995,12
TH,1996,12
TH,1997,16
TH,1998,30
TH,1999,46
TH,2000,38
TH,2001,60
TH,2002,78
TH,2003,60
TH,2004,48
TH,2005,32
TH,2006,60
TH,2007,43
TH,2008,56
TH,2009,48
TH,2010,77
TH,2011,108
TH,2012,99
TH,2013,144
TH,2014,166
TH,2015,167
TH,2016,138
TH,2017,169
TH,2018,159
TH,2019,197
TH,2020,215
TH,2021,162
TH,2022,106
TH,2023,120
TH,2024,136
TH,2025,150
TJ,1976,2
TJ,1977,1
TJ,1978,2
TJ,1979,3
TJ,1980,6
TJ,1981,3
TJ,1983,3
TJ,1984,4
TJ,1985,5
TJ,1986,1
TJ,1987,1
TJ,1989,1
TJ,1990,2
TJ,1991,1
TJ,1992,1
TJ,2017,1
TL,2007,1
TL,2008,1
TL,2009,1
TL,2011,2
TL,2012,1
TL,2013,1
TL,2019,2
TM,1994,1
TM,2010,1
TM,2015,1
TM,2018,1
TM,2020,2
TM,2021,3
TN,1976,2
TN,1977,1
TN,1978,1
TN,1979,1
TN,1980,2
TN,1981,2
TN,1982,1
TN,1984,1
TN,1985,2
TN,1987,2
TN,1988,1
TN,1990,1
TN,1991,1
TN,1992,2
TN,1993,1
TN,1996,1
TN,1997,1
TN,2000,1
TN,2001,1
TN,2002,1
TN,2004,2
TN,2005,1
TN,2006,4
TN,2007,3
TN,2008,2
TN,2009,1
TN,2010,6
TN,2011,3
TN,2012,11
TN,2013,13
TN,2014,10
TN,2015,11
TN,2016,5
TN,2017,6
TN,2018,3
TN,2019,20
TN,2020,11
TN,2021,11
TN,2022,7
TN,2023,5
TN,2024,12
TN,2025,12
TO,1976,1
TO,1979,2
TO,1980,1
TO,1981,3
TO,1986,1
TR,1976,2
TR,1977,6
TR,1978,1
TR,1979,3
TR,1980,2
TR,1981,1
TR,1982,2
TR,1983,2
TR,1984,5
TR,1985,2
TR,1986,11
TR,1987,5
TR,1988,3
TR,1989,3
TR,1990,4
TR,1991,2
TR,1992,5
TR,1993,3
TR,1994,5
TR,1995,5
TR,1996,8
TR,1997,11
TR,1998,9
TR,1999,14
TR,2000,12
TR,2001,33
TR,2002,25
TR,2003,51
TR,2004,24
TR,2005,21
TR,2006,37
TR,2007,38
TR,2008,54
TR,2009,58
TR,2010,69
TR,2011,83
TR,2012,85
TR,2013,124
TR,2014,152
TR,2015,185
TR,2016,209
TR,2017,272
TR,2018,250
TR,2019,339
TR,2020,298
TR,2021,269
TR,2022,268
TR,2023,261
TR,2024,312
TR,2025,417
TT,1978,3
TT,1979,5
TT,1980,1
TT,1981,2
TT,1987,2
TT,1988,3
TT,1989,1
TT,1990,1
TT,1991,1
TT,1992,2
TT,1994,4
TT,1995,1
TT,1996,2
TT,1997,1
TT,1998,3
TT,1999,1
TT,2000,1
TT,2001,4
TT,2003,1
TT,2004,1
TT,2006,2
TT,2007,1
TT,2008,2
TT,2009,2
TT,2010,7
TT,2011,3
TT,2012,5
TT,2013,10
TT,2014,9
TT,2015,8
TT,2016,6
TT,2017,7
TT,2018,4
TT,2019,8
TT,2020,4
TT,2021,1
TT,2023,1
TT,2024,4
TT,2025,2
TW,1976,24
TW,1977,48
TW,1978,29
TW,1979,37
TW,1980,77
TW,1981,87
TW,1982,101
TW,1983,71
TW,1984,114
TW,1985,189
TW,1986,266
TW,1987,393
TW,1988,514
TW,1989,664
TW,1990,821
TW,1991,1060
TW,1992,1230
TW,1993,1476
TW,1994,1800
TW,1995,2098
TW,1996,2421
TW,1997,2564
TW,1998,3554
TW,1999,4554
TW,2000,5849
TW,2001,6503
TW,2002,6693
TW,2003,6653
TW,2004,7217
TW,2005,5986
TW,2006,7990
TW,2007,7520
TW,2008,7892
TW,2009,7997
TW,2010,9966
TW,2011,10240
TW,2012,11976
TW,2013,12467
TW,2014,12528
TW,2015,12883
TW,2016,12782
TW,2017,12883
TW,2018,12071
TW,2019,12741
TW,2020,13387
TW,2021,12327
TW,2022,12850
TW,2023,13352
TW,2024,12988
TW,2025,14697
TZ,1978,2
TZ,1982,1
TZ,1983,1
TZ,1989,1
TZ,1992,3
TZ,2001,1
TZ,2003,3
TZ,2009,1
TZ,2010,1
TZ,2011,1
TZ,2013,1
TZ,2015,1
TZ,2016,4
TZ,2017,1
TZ,2018,2
TZ,2019,2
TZ,2020,2
UA,1976,43
UA,1977,47
UA,1978,49
UA,1979,32
UA,1980,44
UA,1981,42
UA,1982,19
UA,1983,23
UA,1984,34
UA,1985,23
UA,1986,14
UA,1987,14
UA,1988,12
UA,1989,19
UA,1990,22
UA,1991,13
UA,1992,11
UA,1993,3
UA,1994,11
UA,1995,16
UA,1996,25
UA,1997,9
UA,1998,29
UA,1999,29
UA,2000,32
UA,2001,37
UA,2002,52
UA,2003,42
UA,2004,32
UA,2005,34
UA,2006,49
UA,2007,35
UA,2008,39
UA,2009,30
UA,2010,41
UA,2011,47
UA,2012,73
UA,2013,67
UA,2014,72
UA,2015,106
UA,2016,100
UA,2017,141
UA,2018,99
UA,2019,159
UA,2020,164
UA,2021,165
UA,2022,177
UA,2023,175
UA,2024,194
UA,2025,226
UG,1977,1
UG,1978,6
UG,1979,12
UG,1980,7
UG,1981,12
UG,1982,11
UG,1983,11
UG,1984,15
UG,1985,19
UG,1986,10
UG,1987,32
UG,1988,39
UG,1989,40
UG,1990,29
UG,1991,46
UG,1992,33
UG,1993,43
UG,1994,32
UG,1995,38
UG,1996,66
UG,1997,50
UG,1998,71
UG,1999,69
UG,2000,77
UG,2001,66
UG,2002,91
UG,2003,76
UG,2004,91
UG,2005,110
UG,2006,121
UG,2007,130
UG,2008,107
UG,2009,103
UG,2010,150
UG,2011,123
UG,2012,180
UG,2013,185
UG,2014,243
UG,2015,258
UG,2016,249
UG,2017,250
UG,2018,163
UG,2019,141
UG,2020,112
UG,2021,86
UG,2022,42
UG,2023,2
UG,2025,4
US,1976,44889
US,1977,45049
US,1978,44895
US,1979,33062
US,1980,40938
US,1981,43492
US,1982,37948
US,1983,36856
US,1984,42703
US,1985,44022
US,1986,42803
US,1987,48729
US,1988,45506
US,1989,55740
US,1990,53914
US,1991,58860
US,1992,59840
US,1993,62257
US,1994,65549
US,1995,65743
US,1996,70679
US,1997,71356
US,1998,92563
US,1999,96011
US,2000,99114
US,2001,101125
US,2002,99607
US,2003,101298
US,2004,96721
US,2005,84883
US,2006,105247
US,2007,96592
US,2008,95065
US,2009,98259
US,2010,125604
US,2011,125987
US,2012,140029
US,2013,154309
US,2014,166218
US,2015,163877
US,2016,168907
US,2017,178336
US,2018,170581
US,2019,196341
US,2020,193841
US,2021,176534
US,2022,167105
US,2023,171249
US,2024,168133
US,2025,162536
UY,1976,2
UY,1978,1
UY,1981,19
UY,1982,22
UY,1983,13
UY,1984,6
UY,1985,13
UY,1986,3
UY,1987,1
UY,1988,1
UY,1989,2
UY,1990,3
UY,1991,1
UY,1992,2
UY,1995,2
UY,1996,2
UY,1997,4
UY,1998,5
UY,1999,5
UY,2000,1
UY,2001,2
UY,2002,3
UY,2003,2
UY,2004,3
UY,2005,2
UY,2006,3
UY,2007,3
UY,2008,2
UY,2009,6
UY,2010,11
UY,2011,4
UY,2012,12
UY,2013,12
UY,2014,12
UY,2015,9
UY,2016,13
UY,2017,14
UY,2018,19
UY,2019,13
UY,2020,21
UY,2021,9
UY,2022,14
UY,2023,17
UY,2024,17
UY,2025,24
UZ,1976,10
UZ,1977,5
UZ,1978,10
UZ,1979,13
UZ,1980,13
UZ,1981,19
UZ,1982,18
UZ,1983,9
UZ,1984,4
UZ,1985,4
UZ,1986,4
UZ,1987,7
UZ,1988,3
UZ,1989,8
UZ,1990,7
UZ,1991,11
UZ,1992,1
UZ,1993,2
UZ,1994,1
UZ,1995,1
UZ,1996,1
UZ,1998,1
UZ,1999,1
UZ,2000,2
UZ,2001,2
UZ,2002,1
UZ,2004,2
UZ,2006,1
UZ,2010,1
UZ,2011,1
UZ,2012,1
UZ,2013,2
UZ,2014,1
UZ,2015,2
UZ,2016,1
UZ,2017,1
UZ,2018,3
UZ,2019,3
UZ,2020,1
UZ,2021,5
UZ,2022,3
UZ,2025,1
VE,1976,2
VE,1977,14
VE,1978,9
VE,1979,13
VE,1980,12
VE,1981,14
VE,1982,14
VE,1983,5
VE,1984,13
VE,1985,16
VE,1986,22
VE,1987,25
VE,1988,22
VE,1989,25
VE,1990,21
VE,1991,26
VE,1992,27
VE,1993,36
VE,1994,32
VE,1995,34
VE,1996,33
VE,1997,30
VE,1998,35
VE,1999,52
VE,2000,39
VE,2001,33
VE,2002,42
VE,2003,29
VE,2004,29
VE,2005,15
VE,2006,25
VE,2007,28
VE,2008,23
VE,2009,18
VE,2010,24
VE,2011,28
VE,2012,41
VE,2013,23
VE,2014,22
VE,2015,33
VE,2016,11
VE,2017,15
VE,2018,12
VE,2019,16
VE,2020,8
VE,2021,12
VE,2022,7
VE,2023,7
VE,2024,10
VE,2025,9
VG,1984,1
VG,1985,3
VG,1986,1
VG,1987,1
VG,1989,1
VG,1991,1
VG,1992,1
VG,1993,1
VG,1994,2
VG,1997,3
VG,1998,3
VG,1999,4
VG,2001,2
VG,2002,4
VG,2003,8
VG,2004,8
VG,2005,9
VG,2006,5
VG,2007,1
VG,2008,2
VG,2009,3
VG,2010,1
VG,2011,2
VG,2012,2
VG,2013,4
VG,2014,2
VG,2015,4
VG,2016,2
VG,2017,6
VG,2018,8
VG,2019,4
VG,2020,2
VG,2021,1
VG,2022,2
VG,2024,3
VG,2025,8
VN,1996,1
VN,1999,2
VN,2000,1
VN,2001,5
VN,2002,3
VN,2003,3
VN,2004,2
VN,2005,13
VN,2006,6
VN,2007,11
VN,2008,11
VN,2009,14
VN,2010,17
VN,2011,13
VN,2012,22
VN,2013,37
VN,2014,29
VN,2015,39
VN,2016,55
VN,2017,62
VN,2018,58
VN,2019,75
VN,2020,66
VN,2021,93
VN,2022,83
VN,2023,79
VN,2024,126
VN,2025,126
VU,1981,2
VU,1989,1
VU,1992,1
VU,1993,1
VU,2010,2
VU,2017,1
VU,2025,1
WS,2007,4
WS,2010,2
WS,2016,1
WS,2017,3
WS,2018,1
WS,2019,3
WS,2020,5
WS,2021,3
WS,2022,1
WS,2023,2
WS,2024,1
WS,2025,3
YE,1981,1
YE,1983,1
YE,1986,1
YE,1987,3
YE,1988,3
YE,1989,1
YE,1990,2
YE,1991,1
YE,1992,2
YE,1993,1
YE,1994,2
YE,1995,3
YE,1996,2
YE,1998,1
YE,2002,1
YE,2003,1
YE,2010,1
YE,2011,1
YE,2012,2
YE,2013,1
YE,2014,1
YE,2015,3
YE,2016,2
YE,2017,2
YE,2018,5
YE,2019,3
YE,2021,2
ZA,1976,87
ZA,1977,82
ZA,1978,88
ZA,1979,67
ZA,1980,83
ZA,1981,115
ZA,1982,74
ZA,1983,68
ZA,1984,92
ZA,1985,107
ZA,1986,98
ZA,1987,125
ZA,1988,118
ZA,1989,154
ZA,1990,126
ZA,1991,121
ZA,1992,110
ZA,1993,109
ZA,1994,124
ZA,1995,144
ZA,1996,134
ZA,1997,116
ZA,1998,121
ZA,1999,144
ZA,2000,142
ZA,2001,158
ZA,2002,137
ZA,2003,140
ZA,2004,126
ZA,2005,120
ZA,2006,144
ZA,2007,124
ZA,2008,135
ZA,2009,150
ZA,2010,163
ZA,2011,162
ZA,2012,182
ZA,2013,212
ZA,2014,222
ZA,2015,239
ZA,2016,264
ZA,2017,281
ZA,2018,225
ZA,2019,304
ZA,2020,256
ZA,2021,221
ZA,2022,239
ZA,2023,169
ZA,2024,249
ZA,2025,201
ZM,1976,1
ZM,1980,1
ZM,1995,1
ZM,2000,1
ZM,2005,1
ZM,2006,1
ZM,2007,2
ZM,2010,1
ZM,2013,1
ZM,2019,1
ZM,2020,1
ZM,2022,2
ZW,1977,1
ZW,1978,1
ZW,1979,1
ZW,1980,1
ZW,1983,1
ZW,1986,1
ZW,1988,3
ZW,1989,2
ZW,1991,2
ZW,1993,1
ZW,1994,3
ZW,1995,1
ZW,1996,2
ZW,1997,2
ZW,1999,2
ZW,2000,1
ZW,2001,2
ZW,2002,1
ZW,2003,4
ZW,2004,1
ZW,2005,1
ZW,2006,2
ZW,2007,1
ZW,2009,4
ZW,2012,2
ZW,2013,2
ZW,2014,1
ZW,2019,1
ZW,2020,3
ZW,2021,1
ZW,2022,1
